Liberation Mono
0-65534
394 405   0 0 1   14 14   4 16   4 8
277  384  7   5     0   0      4   -4     8  16
394  0    0   0     0   0      4   -4     8  16    32
392  207  2   9     -3  0      1   -4     8  16    33
358  391  6   4     -1  -6     3   -10    8  16    34
386  267  8   9     0   0      4   -4     8  16    35
270  143  8   11    0   1      4   -3     8  16    36
251  267  9   9     0   0      4   -4     8  16    37
260  267  9   9     0   0      4   -4     8  16    38
114  396  2   4     -3  -6     1   -10    8  16    39
381  57   5   13    -2  3      2   -1     8  16    40
386  57   5   13    -2  3      2   -1     8  16    41
130  384  6   6     -1  -4     3   -8     8  16    42
90   356  8   7     0   -1     4   -5     8  16    43
390  13   4   4     -1  2      3   -2     8  16    44
168  400  5   2     -2  -2     2   -6     8  16    45
392  255  2   2     -3  0      1   -4     8  16    46
333  197  8   10    0   0      4   -4     8  16    47
360  286  8   9     0   0      4   -4     8  16    48
387  277  7   9     -1  0      3   -4     8  16    49
368  286  8   9     0   0      4   -4     8  16    50
376  286  8   9     0   0      4   -4     8  16    51
384  286  8   9     0   0      4   -4     8  16    52
0    295  8   9     0   0      4   -4     8  16    53
360  313  7   9     -1  0      3   -4     8  16    54
367  313  7   9     -1  0      3   -4     8  16    55
8    295  8   9     0   0      4   -4     8  16    56
16   295  8   9     0   0      4   -4     8  16    57
392  295  2   7     -3  0      1   -4     8  16    58
147  331  4   9     -2  2      2   -2     8  16    59
98   356  8   7     0   -1     4   -5     8  16    60
267  391  8   4     0   -2     4   -6     8  16    61
106  356  8   7     0   -1     4   -5     8  16    62
24   295  8   9     0   0      4   -4     8  16    63
53   70   9   12    0   2      4   -2     8  16    64
269  267  9   9     0   0      4   -4     8  16    65
374  313  7   9     -1  0      3   -4     8  16    66
32   295  8   9     0   0      4   -4     8  16    67
381  313  7   9     -1  0      3   -4     8  16    68
0    322  7   9     -1  0      3   -4     8  16    69
7    322  7   9     -1  0      3   -4     8  16    70
40   295  8   9     0   0      4   -4     8  16    71
14   322  7   9     -1  0      3   -4     8  16    72
388  313  6   9     -1  0      3   -4     8  16    73
28   331  6   9     -1  0      3   -4     8  16    74
48   295  8   9     -1  0      3   -4     8  16    75
21   322  7   9     -1  0      3   -4     8  16    76
56   295  8   9     0   0      4   -4     8  16    77
28   322  7   9     -1  0      3   -4     8  16    78
64   295  8   9     0   0      4   -4     8  16    79
35   322  7   9     -1  0      3   -4     8  16    80
278  143  8   11    0   2      4   -2     8  16    81
72   295  8   9     -1  0      3   -4     8  16    82
80   295  8   9     0   0      4   -4     8  16    83
88   295  8   9     0   0      4   -4     8  16    84
96   295  8   9     0   0      4   -4     8  16    85
278  267  9   9     0   0      4   -4     8  16    86
287  267  9   9     0   0      4   -4     8  16    87
296  267  9   9     0   0      4   -4     8  16    88
305  267  9   9     0   0      4   -4     8  16    89
104  295  8   9     0   0      4   -4     8  16    90
0    70   5   13    -2  3      2   -1     8  16    91
341  197  8   10    0   0      4   -4     8  16    92
5    70   5   13    -1  3      3   -1     8  16    93
94   384  8   6     0   -3     4   -7     8  16    94
102  16   10  1     1   2      5   -2     8  16    95
243  400  4   2     -2  -8     2   -12    8  16    96
114  356  8   7     0   0      4   -4     8  16    97
344  237  7   10    -1  0      3   -4     8  16    98
122  356  8   7     0   0      4   -4     8  16    99
349  197  8   10    0   0      4   -4     8  16    100
130  356  8   7     0   0      4   -4     8  16    101
357  197  8   10    0   0      4   -4     8  16    102
365  197  8   10    0   3      4   -1     8  16    103
351  237  7   10    -1  0      3   -4     8  16    104
373  197  8   10    0   0      4   -4     8  16    105
388  17   6   13    0   3      4   -1     8  16    106
358  237  7   10    -1  0      3   -4     8  16    107
40   165  7   11    -1  0      3   -4     8  16    108
138  356  8   7     0   0      4   -4     8  16    109
24   370  7   7     -1  0      3   -4     8  16    110
146  356  8   7     0   0      4   -4     8  16    111
365  237  7   10    -1  3      3   -1     8  16    112
381  197  8   10    0   3      4   -1     8  16    113
31   370  7   7     -1  0      3   -4     8  16    114
38   370  7   7     -1  0      3   -4     8  16    115
34   331  6   9     -1  0      3   -4     8  16    116
45   370  7   7     -1  0      3   -4     8  16    117
154  356  8   7     0   0      4   -4     8  16    118
94   348  9   7     0   0      4   -4     8  16    119
162  356  8   7     0   0      4   -4     8  16    120
0    207  8   10    0   3      4   -1     8  16    121
52   370  7   7     -1  0      3   -4     8  16    122
352  44   7   13    -1  3      3   -1     8  16    123
391  31   2   13    -3  3      1   -1     8  16    124
315  57   6   13    -1  3      3   -1     8  16    125
310  15   8   2     0   -4     4   -8     8  16    126
394  0    0   0     0   0      4   -4     8  16    160
392  217  2   9     -3  2      1   -2     8  16    161
62   70   9   12    1   1      5   -3     8  16    162
112  295  8   9     0   0      4   -4     8  16    163
102  384  7   6     -1  -2     3   -6     8  16    164
314  267  9   9     0   0      4   -4     8  16    165
391  57   2   13    -3  3      1   -1     8  16    166
47   165  7   11    -1  1      3   -3     8  16    167
271  16   5   1     -2  -9     2   -13    8  16    168
130  187  9   10    0   0      4   -4     8  16    169
284  384  6   5     -1  -4     3   -8     8  16    170
213  384  8   5     0   -1     4   -5     8  16    171
275  391  8   4     0   -1     4   -5     8  16    172
173  400  5   2     -2  -2     2   -6     8  16    173
139  187  9   10    0   0      4   -4     8  16    174
92   16   10  1     1   -10    5   -14    8  16    175
6    396  5   4     -2  -5     2   -9     8  16    176
120  295  8   9     0   0      4   -4     8  16    177
172  384  5   6     -2  -3     2   -7     8  16    178
177  384  5   6     -2  -3     2   -7     8  16    179
247  400  4   2     -2  -8     2   -12    8  16    180
8    207  8   10    0   3      4   -1     8  16    181
286  143  8   11    0   2      4   -2     8  16    182
392  265  2   2     -3  -4     1   -8     8  16    183
222  396  4   3     0   3      4   -1     8  16    184
136  384  6   6     -1  -3     3   -7     8  16    185
290  384  6   5     -1  -4     3   -8     8  16    186
221  384  8   5     0   -1     4   -5     8  16    187
323  267  9   9     0   0      4   -4     8  16    188
332  267  9   9     0   0      4   -4     8  16    189
341  267  9   9     0   0      4   -4     8  16    190
42   322  7   9     -1  2      3   -2     8  16    191
71   70   9   12    0   0      4   -4     8  16    192
80   70   9   12    0   0      4   -4     8  16    193
89   70   9   12    0   0      4   -4     8  16    194
98   70   9   12    0   0      4   -4     8  16    195
281  131  9   11    0   0      4   -4     8  16    196
107  70   9   12    0   0      4   -4     8  16    197
350  267  9   9     0   0      4   -4     8  16    198
386  70   8   12    0   3      4   -1     8  16    199
368  107  7   12    -1  0      3   -4     8  16    200
375  107  7   12    -1  0      3   -4     8  16    201
382  107  7   12    -1  0      3   -4     8  16    202
54   165  7   11    -1  0      3   -4     8  16    203
63   131  6   12    -1  0      3   -4     8  16    204
69   131  6   12    -1  0      3   -4     8  16    205
75   131  6   12    -1  0      3   -4     8  16    206
341  165  6   11    -1  0      3   -4     8  16    207
128  295  8   9     0   0      4   -4     8  16    208
0    119  7   12    -1  0      3   -4     8  16    209
216  83   8   12    0   0      4   -4     8  16    210
224  83   8   12    0   0      4   -4     8  16    211
232  83   8   12    0   0      4   -4     8  16    212
240  83   8   12    0   0      4   -4     8  16    213
294  143  8   11    0   0      4   -4     8  16    214
59   370  7   7     -1  -1     3   -5     8  16    215
302  143  8   11    0   1      4   -3     8  16    216
248  83   8   12    0   0      4   -4     8  16    217
256  83   8   12    0   0      4   -4     8  16    218
264  83   8   12    0   0      4   -4     8  16    219
310  143  8   11    0   0      4   -4     8  16    220
116  70   9   12    0   0      4   -4     8  16    221
49   322  7   9     -1  0      3   -4     8  16    222
16   207  8   10    0   0      4   -4     8  16    223
24   207  8   10    0   0      4   -4     8  16    224
32   207  8   10    0   0      4   -4     8  16    225
40   207  8   10    0   0      4   -4     8  16    226
48   207  8   10    0   0      4   -4     8  16    227
136  295  8   9     0   0      4   -4     8  16    228
318  143  8   11    0   0      4   -4     8  16    229
103  348  9   7     0   0      4   -4     8  16    230
56   207  8   10    0   3      4   -1     8  16    231
64   207  8   10    0   0      4   -4     8  16    232
72   207  8   10    0   0      4   -4     8  16    233
80   207  8   10    0   0      4   -4     8  16    234
144  295  8   9     0   0      4   -4     8  16    235
88   207  8   10    0   0      4   -4     8  16    236
96   207  8   10    0   0      4   -4     8  16    237
104  207  8   10    0   0      4   -4     8  16    238
152  295  8   9     0   0      4   -4     8  16    239
112  207  8   10    0   0      4   -4     8  16    240
372  237  7   10    -1  0      3   -4     8  16    241
120  207  8   10    0   0      4   -4     8  16    242
128  207  8   10    0   0      4   -4     8  16    243
136  207  8   10    0   0      4   -4     8  16    244
144  207  8   10    0   0      4   -4     8  16    245
160  295  8   9     0   0      4   -4     8  16    246
170  356  8   7     0   -1     4   -5     8  16    247
178  356  8   7     0   0      4   -4     8  16    248
379  237  7   10    -1  0      3   -4     8  16    249
386  237  7   10    -1  0      3   -4     8  16    250
0    247  7   10    -1  0      3   -4     8  16    251
56   322  7   9     -1  0      3   -4     8  16    252
207  31   8   13    0   3      4   -1     8  16    253
359  44   7   13    -1  3      3   -1     8  16    254
272  83   8   12    0   3      4   -1     8  16    255
290  131  9   11    0   0      4   -4     8  16    256
168  295  8   9     0   0      4   -4     8  16    257
125  70   9   12    0   0      4   -4     8  16    258
152  207  8   10    0   0      4   -4     8  16    259
134  70   9   12    0   3      4   -1     8  16    260
160  207  8   10    0   3      4   -1     8  16    261
280  83   8   12    0   0      4   -4     8  16    262
168  207  8   10    0   0      4   -4     8  16    263
288  83   8   12    0   0      4   -4     8  16    264
176  207  8   10    0   0      4   -4     8  16    265
326  143  8   11    0   0      4   -4     8  16    266
176  295  8   9     0   0      4   -4     8  16    267
296  83   8   12    0   0      4   -4     8  16    268
184  207  8   10    0   0      4   -4     8  16    269
7    119  7   12    -1  0      3   -4     8  16    270
148  187  9   10    0   0      4   -4     8  16    271
184  295  8   9     0   0      4   -4     8  16    272
157  187  9   10    0   0      4   -4     8  16    273
61   165  7   11    -1  0      3   -4     8  16    274
192  295  8   9     0   0      4   -4     8  16    275
14   119  7   12    -1  0      3   -4     8  16    276
192  207  8   10    0   0      4   -4     8  16    277
68   165  7   11    -1  0      3   -4     8  16    278
200  295  8   9     0   0      4   -4     8  16    279
21   119  7   12    -1  3      3   -1     8  16    280
200  207  8   10    0   3      4   -1     8  16    281
28   119  7   12    -1  0      3   -4     8  16    282
208  207  8   10    0   0      4   -4     8  16    283
304  83   8   12    0   0      4   -4     8  16    284
215  31   8   13    0   3      4   -1     8  16    285
312  83   8   12    0   0      4   -4     8  16    286
223  31   8   13    0   3      4   -1     8  16    287
334  143  8   11    0   0      4   -4     8  16    288
320  83   8   12    0   3      4   -1     8  16    289
328  83   8   12    0   3      4   -1     8  16    290
231  31   8   13    0   3      4   -1     8  16    291
35   119  7   12    -1  0      3   -4     8  16    292
42   119  7   12    -1  0      3   -4     8  16    293
359  267  9   9     0   0      4   -4     8  16    294
216  207  8   10    0   0      4   -4     8  16    295
81   131  6   12    -1  0      3   -4     8  16    296
224  207  8   10    0   0      4   -4     8  16    297
347  165  6   11    -1  0      3   -4     8  16    298
208  295  8   9     0   0      4   -4     8  16    299
87   131  6   12    -1  0      3   -4     8  16    300
232  207  8   10    0   0      4   -4     8  16    301
93   131  6   12    -1  3      3   -1     8  16    302
239  31   8   13    0   3      4   -1     8  16    303
353  165  6   11    -1  0      3   -4     8  16    304
186  356  8   7     0   0      4   -4     8  16    305
216  295  8   9     0   0      4   -4     8  16    306
366  44   7   13    -1  3      3   -1     8  16    307
49   119  7   12    -1  0      3   -4     8  16    308
247  31   8   13    0   3      4   -1     8  16    309
336  83   8   12    -1  3      3   -1     8  16    310
373  44   7   13    -1  3      3   -1     8  16    311
66   370  7   7     -1  0      3   -4     8  16    312
56   119  7   12    -1  0      3   -4     8  16    313
344  83   8   12    0   0      4   -4     8  16    314
63   119  7   12    -1  3      3   -1     8  16    315
376  0    7   14    -1  3      3   -1     8  16    316
63   322  7   9     -1  0      3   -4     8  16    317
342  143  8   11    -1  0      3   -4     8  16    318
70   322  7   9     -1  0      3   -4     8  16    319
75   165  7   11    -1  0      3   -4     8  16    320
224  295  8   9     0   0      4   -4     8  16    321
240  207  8   10    0   0      4   -4     8  16    322
70   119  7   12    -1  0      3   -4     8  16    323
7    247  7   10    -1  0      3   -4     8  16    324
77   119  7   12    -1  3      3   -1     8  16    325
14   247  7   10    -1  3      3   -1     8  16    326
84   119  7   12    -1  0      3   -4     8  16    327
21   247  7   10    -1  0      3   -4     8  16    328
232  295  8   9     0   0      4   -4     8  16    329
77   322  7   9     -1  0      3   -4     8  16    330
28   247  7   10    -1  3      3   -1     8  16    331
350  143  8   11    0   0      4   -4     8  16    332
240  295  8   9     0   0      4   -4     8  16    333
352  83   8   12    0   0      4   -4     8  16    334
248  207  8   10    0   0      4   -4     8  16    335
360  83   8   12    0   0      4   -4     8  16    336
256  207  8   10    0   0      4   -4     8  16    337
368  267  9   9     0   0      4   -4     8  16    338
112  348  9   7     0   0      4   -4     8  16    339
368  83   8   12    -1  0      3   -4     8  16    340
35   247  7   10    -1  0      3   -4     8  16    341
376  83   8   12    -1  3      3   -1     8  16    342
42   247  7   10    -1  3      3   -1     8  16    343
384  83   8   12    -1  0      3   -4     8  16    344
49   247  7   10    -1  0      3   -4     8  16    345
0    95   8   12    0   0      4   -4     8  16    346
56   247  7   10    -1  0      3   -4     8  16    347
8    95   8   12    0   0      4   -4     8  16    348
63   247  7   10    -1  0      3   -4     8  16    349
16   95   8   12    0   3      4   -1     8  16    350
70   247  7   10    -1  3      3   -1     8  16    351
24   95   8   12    0   0      4   -4     8  16    352
77   247  7   10    -1  0      3   -4     8  16    353
32   95   8   12    0   3      4   -1     8  16    354
99   131  6   12    -1  3      3   -1     8  16    355
40   95   8   12    0   0      4   -4     8  16    356
166  187  9   10    0   0      4   -4     8  16    357
248  295  8   9     0   0      4   -4     8  16    358
84   322  7   9     -1  0      3   -4     8  16    359
48   95   8   12    0   0      4   -4     8  16    360
84   247  7   10    -1  0      3   -4     8  16    361
358  143  8   11    0   0      4   -4     8  16    362
91   322  7   9     -1  0      3   -4     8  16    363
56   95   8   12    0   0      4   -4     8  16    364
91   247  7   10    -1  0      3   -4     8  16    365
64   95   8   12    0   0      4   -4     8  16    366
82   165  7   11    -1  0      3   -4     8  16    367
72   95   8   12    0   0      4   -4     8  16    368
98   247  7   10    -1  0      3   -4     8  16    369
80   95   8   12    0   3      4   -1     8  16    370
105  247  7   10    -1  3      3   -1     8  16    371
143  70   9   12    0   0      4   -4     8  16    372
175  187  9   10    0   0      4   -4     8  16    373
152  70   9   12    0   0      4   -4     8  16    374
255  31   8   13    0   3      4   -1     8  16    375
299  131  9   11    0   0      4   -4     8  16    376
88   95   8   12    0   0      4   -4     8  16    377
112  247  7   10    -1  0      3   -4     8  16    378
366  143  8   11    0   0      4   -4     8  16    379
98   322  7   9     -1  0      3   -4     8  16    380
96   95   8   12    0   0      4   -4     8  16    381
119  247  7   10    -1  0      3   -4     8  16    382
21   267  6   10    -2  0      2   -4     8  16    383
264  207  8   10    0   0      4   -4     8  16    384
377  267  9   9     1   0      5   -4     8  16    385
256  295  8   9     -1  0      3   -4     8  16    386
126  247  7   10    -1  0      3   -4     8  16    387
0    277  9   9     0   0      4   -4     8  16    388
272  207  8   10    0   0      4   -4     8  16    389
264  295  8   9     0   0      4   -4     8  16    390
374  176  10  10    0   0      4   -4     8  16    391
192  331  9   8     0   0      4   -4     8  16    392
272  295  8   9     0   0      4   -4     8  16    393
9    277  9   9     1   0      5   -4     8  16    394
280  295  8   9     0   0      4   -4     8  16    395
280  207  8   10    0   0      4   -4     8  16    396
288  207  8   10    0   3      4   -1     8  16    397
288  295  8   9     0   0      4   -4     8  16    398
296  295  8   9     0   0      4   -4     8  16    399
304  295  8   9     0   0      4   -4     8  16    400
161  70   9   12    1   3      5   -1     8  16    401
91   119  7   12    -1  3      3   -1     8  16    402
384  176  10  10    0   0      4   -4     8  16    403
170  70   9   12    0   3      4   -1     8  16    404
296  207  8   10    0   0      4   -4     8  16    405
89   165  7   11    -1  0      3   -4     8  16    406
40   331  6   9     -1  0      3   -4     8  16    407
312  295  8   9     -1  0      3   -4     8  16    408
133  247  7   10    -1  0      3   -4     8  16    409
304  207  8   10    0   0      4   -4     8  16    410
312  207  8   10    0   0      4   -4     8  16    411
320  295  8   9     0   0      4   -4     8  16    412
179  70   9   12    1   3      5   -1     8  16    413
140  247  7   10    -1  3      3   -1     8  16    414
328  295  8   9     0   0      4   -4     8  16    415
18   277  9   9     0   0      4   -4     8  16    416
121  348  9   7     0   0      4   -4     8  16    417
104  95   8   12    0   3      4   -1     8  16    418
320  207  8   10    0   3      4   -1     8  16    419
27   277  9   9     1   0      5   -4     8  16    420
380  44   7   13    -1  3      3   -1     8  16    421
374  143  8   11    -1  2      3   -2     8  16    422
336  295  8   9     0   0      4   -4     8  16    423
73   370  7   7     -1  0      3   -4     8  16    424
36   277  9   9     0   0      4   -4     8  16    425
321  57   6   13    -1  3      3   -1     8  16    426
105  131  6   12    -1  3      3   -1     8  16    427
344  295  8   9     0   0      4   -4     8  16    428
27   267  6   10    -1  0      3   -4     8  16    429
112  95   8   12    0   3      4   -1     8  16    430
45   277  9   9     0   0      4   -4     8  16    431
194  356  8   7     -1  0      3   -4     8  16    432
352  295  8   9     0   0      4   -4     8  16    433
360  295  8   9     0   0      4   -4     8  16    434
111  267  10  9     0   0      4   -4     8  16    435
157  17   11  13    0   3      4   -1     8  16    436
368  295  8   9     0   0      4   -4     8  16    437
80   370  7   7     -1  0      3   -4     8  16    438
120  95   8   12    0   3      4   -1     8  16    439
188  70   9   12    0   3      4   -1     8  16    440
328  207  8   10    0   3      4   -1     8  16    441
147  247  7   10    -1  3      3   -1     8  16    442
376  295  8   9     0   0      4   -4     8  16    443
384  295  8   9     0   0      4   -4     8  16    444
87   370  7   7     -1  0      3   -4     8  16    445
336  207  8   10    0   0      4   -4     8  16    446
154  247  7   10    -1  3      3   -1     8  16    447
392  154  2   10    -3  0      1   -4     8  16    448
390  143  4   10    -2  0      2   -4     8  16    449
344  207  8   10    0   0      4   -4     8  16    450
392  227  2   9     -3  0      1   -4     8  16    451
197  70   9   12    0   0      4   -4     8  16    452
184  187  9   10    0   0      4   -4     8  16    453
193  187  9   10    0   0      4   -4     8  16    454
0    304  8   9     0   0      4   -4     8  16    455
263  31   8   13    0   3      4   -1     8  16    456
271  31   8   13    0   3      4   -1     8  16    457
8    304  8   9     0   0      4   -4     8  16    458
279  31   8   13    0   3      4   -1     8  16    459
287  31   8   13    0   3      4   -1     8  16    460
206  70   9   12    0   0      4   -4     8  16    461
352  207  8   10    0   0      4   -4     8  16    462
111  131  6   12    -1  0      3   -4     8  16    463
360  207  8   10    0   0      4   -4     8  16    464
128  95   8   12    0   0      4   -4     8  16    465
368  207  8   10    0   0      4   -4     8  16    466
136  95   8   12    0   0      4   -4     8  16    467
161  247  7   10    -1  0      3   -4     8  16    468
295  31   8   13    0   0      4   -4     8  16    469
98   119  7   12    -1  0      3   -4     8  16    470
303  31   8   13    0   0      4   -4     8  16    471
105  119  7   12    -1  0      3   -4     8  16    472
311  31   8   13    0   0      4   -4     8  16    473
112  119  7   12    -1  0      3   -4     8  16    474
319  31   8   13    0   0      4   -4     8  16    475
119  119  7   12    -1  0      3   -4     8  16    476
202  356  8   7     0   0      4   -4     8  16    477
298  17   9   13    0   0      4   -4     8  16    478
382  143  8   11    0   0      4   -4     8  16    479
307  17   9   13    0   0      4   -4     8  16    480
0    154  8   11    0   0      4   -4     8  16    481
308  131  9   11    0   0      4   -4     8  16    482
54   277  9   9     0   0      4   -4     8  16    483
63   277  9   9     0   0      4   -4     8  16    484
376  207  8   10    0   3      4   -1     8  16    485
144  95   8   12    0   0      4   -4     8  16    486
327  31   8   13    0   3      4   -1     8  16    487
152  95   8   12    -1  0      3   -4     8  16    488
387  44   7   13    -1  0      3   -4     8  16    489
160  95   8   12    0   3      4   -1     8  16    490
384  207  8   10    0   3      4   -1     8  16    491
352  0    8   14    0   3      4   -1     8  16    492
168  95   8   12    0   3      4   -1     8  16    493
286  0    8   15    0   3      4   -1     8  16    494
335  31   8   13    0   3      4   -1     8  16    495
0    57   7   13    0   3      4   -1     8  16    496
72   277  9   9     0   0      4   -4     8  16    497
81   277  9   9     0   0      4   -4     8  16    498
202  187  9   10    0   0      4   -4     8  16    499
176  95   8   12    0   0      4   -4     8  16    500
343  31   8   13    0   3      4   -1     8  16    501
16   304  8   9     0   0      4   -4     8  16    502
126  119  7   12    -1  3      3   -1     8  16    503
133  119  7   12    -1  0      3   -4     8  16    504
168  247  7   10    -1  0      3   -4     8  16    505
317  131  9   11    0   0      4   -4     8  16    506
184  95   8   12    0   0      4   -4     8  16    507
215  70   9   12    0   0      4   -4     8  16    508
211  187  9   10    0   0      4   -4     8  16    509
351  31   8   13    0   1      4   -3     8  16    510
0    217  8   10    0   0      4   -4     8  16    511
224  70   9   12    0   0      4   -4     8  16    512
8    217  8   10    0   0      4   -4     8  16    513
233  70   9   12    0   0      4   -4     8  16    514
16   217  8   10    0   0      4   -4     8  16    515
140  119  7   12    -1  0      3   -4     8  16    516
24   217  8   10    0   0      4   -4     8  16    517
147  119  7   12    -1  0      3   -4     8  16    518
32   217  8   10    0   0      4   -4     8  16    519
154  119  7   12    0   0      4   -4     8  16    520
40   217  8   10    0   0      4   -4     8  16    521
117  131  6   12    -1  0      3   -4     8  16    522
48   217  8   10    0   0      4   -4     8  16    523
192  95   8   12    0   0      4   -4     8  16    524
56   217  8   10    0   0      4   -4     8  16    525
200  95   8   12    0   0      4   -4     8  16    526
64   217  8   10    0   0      4   -4     8  16    527
208  95   8   12    -1  0      3   -4     8  16    528
72   217  8   10    0   0      4   -4     8  16    529
216  95   8   12    -1  0      3   -4     8  16    530
175  247  7   10    -1  0      3   -4     8  16    531
224  95   8   12    0   0      4   -4     8  16    532
80   217  8   10    0   0      4   -4     8  16    533
232  95   8   12    0   0      4   -4     8  16    534
182  247  7   10    -1  0      3   -4     8  16    535
240  95   8   12    0   3      4   -1     8  16    536
189  247  7   10    -1  3      3   -1     8  16    537
248  95   8   12    0   3      4   -1     8  16    538
123  131  6   12    -1  3      3   -1     8  16    539
256  95   8   12    0   3      4   -1     8  16    540
196  247  7   10    -1  3      3   -1     8  16    541
161  119  7   12    -1  0      3   -4     8  16    542
168  119  7   12    -1  0      3   -4     8  16    543
175  119  7   12    -1  3      3   -1     8  16    544
316  17   9   13    0   3      4   -1     8  16    545
88   217  8   10    0   0      4   -4     8  16    546
96   217  8   10    0   0      4   -4     8  16    547
8    154  8   11    0   2      4   -2     8  16    548
105  322  7   9     -1  2      3   -2     8  16    549
326  131  9   11    0   0      4   -4     8  16    550
24   304  8   9     0   0      4   -4     8  16    551
182  119  7   12    -1  3      3   -1     8  16    552
104  217  8   10    0   3      4   -1     8  16    553
359  31   8   13    0   0      4   -4     8  16    554
16   154  8   11    0   0      4   -4     8  16    555
264  95   8   12    0   0      4   -4     8  16    556
272  95   8   12    0   0      4   -4     8  16    557
24   154  8   11    0   0      4   -4     8  16    558
32   304  8   9     0   0      4   -4     8  16    559
367  31   8   13    0   0      4   -4     8  16    560
32   154  8   11    0   0      4   -4     8  16    561
335  131  9   11    0   0      4   -4     8  16    562
280  95   8   12    0   3      4   -1     8  16    563
327  57   6   13    -1  3      3   -1     8  16    564
220  187  9   10    0   3      4   -1     8  16    565
112  322  7   9     0   0      4   -4     8  16    566
112  217  8   10    0   0      4   -4     8  16    568
120  217  8   10    0   3      4   -1     8  16    569
344  131  9   11    0   1      4   -3     8  16    570
353  131  9   11    0   1      4   -3     8  16    571
375  31   8   13    0   3      4   -1     8  16    572
40   304  8   9     0   0      4   -4     8  16    573
362  131  9   11    0   1      4   -3     8  16    574
203  247  7   10    -1  3      3   -1     8  16    575
210  247  7   10    -1  3      3   -1     8  16    576
128  217  8   10    0   0      4   -4     8  16    577
94   370  7   7     -1  0      3   -4     8  16    578
48   304  8   9     0   0      4   -4     8  16    579
90   277  9   9     0   0      4   -4     8  16    580
99   277  9   9     0   0      4   -4     8  16    581
189  119  7   12    -1  2      3   -2     8  16    582
383  31   8   13    0   3      4   -1     8  16    583
119  322  7   9     -1  0      3   -4     8  16    584
0    44   8   13    0   3      4   -1     8  16    585
242  70   9   12    0   3      4   -1     8  16    586
229  187  9   10    0   3      4   -1     8  16    587
108  277  9   9     0   0      4   -4     8  16    588
101  370  7   7     -1  0      3   -4     8  16    589
117  277  9   9     0   0      4   -4     8  16    590
238  187  9   10    0   3      4   -1     8  16    591
210  356  8   7     0   0      4   -4     8  16    592
218  356  8   7     0   0      4   -4     8  16    593
108  370  7   7     -1  0      3   -4     8  16    594
217  247  7   10    -1  0      3   -4     8  16    595
226  356  8   7     0   0      4   -4     8  16    596
234  356  8   7     0   0      4   -4     8  16    597
325  17   9   13    0   3      4   -1     8  16    598
247  187  9   10    0   0      4   -4     8  16    599
242  356  8   7     0   0      4   -4     8  16    600
250  356  8   7     0   0      4   -4     8  16    601
130  348  9   7     0   0      4   -4     8  16    602
115  370  7   7     -1  0      3   -4     8  16    603
258  356  8   7     0   0      4   -4     8  16    604
139  348  9   7     0   0      4   -4     8  16    605
266  356  8   7     0   0      4   -4     8  16    606
136  217  8   10    0   3      4   -1     8  16    607
334  17   9   13    0   3      4   -1     8  16    608
144  217  8   10    0   3      4   -1     8  16    609
274  356  8   7     0   0      4   -4     8  16    610
256  187  9   10    0   3      4   -1     8  16    611
148  348  9   7     0   0      4   -4     8  16    612
224  247  7   10    -1  3      3   -1     8  16    613
231  247  7   10    -1  0      3   -4     8  16    614
7    57   7   13    -1  3      3   -1     8  16    615
152  217  8   10    0   0      4   -4     8  16    616
388  370  6   7     -1  0      3   -4     8  16    617
91   377  6   7     -1  0      3   -4     8  16    618
160  217  8   10    0   0      4   -4     8  16    619
168  217  8   10    0   0      4   -4     8  16    620
333  57   6   13    -1  3      3   -1     8  16    621
14   57   7   13    -1  3      3   -1     8  16    622
282  356  8   7     0   0      4   -4     8  16    623
176  217  8   10    0   3      4   -1     8  16    624
184  217  8   10    0   3      4   -1     8  16    625
265  187  9   10    1   3      5   -1     8  16    626
192  217  8   10    -1  3      3   -1     8  16    627
122  370  7   7     -1  0      3   -4     8  16    628
290  356  8   7     0   0      4   -4     8  16    629
157  348  9   7     0   0      4   -4     8  16    630
166  348  9   7     0   0      4   -4     8  16    631
8    44   8   13    0   3      4   -1     8  16    632
97   377  6   7     -1  0      3   -4     8  16    633
33   267  6   10    -1  0      3   -4     8  16    634
238  247  7   10    -1  3      3   -1     8  16    635
245  247  7   10    -1  3      3   -1     8  16    636
252  247  7   10    -1  3      3   -1     8  16    637
129  370  7   7     -1  0      3   -4     8  16    638
39   267  6   10    -1  3      3   -1     8  16    639
136  370  7   7     -1  0      3   -4     8  16    640
143  370  7   7     -1  0      3   -4     8  16    641
259  247  7   10    -1  3      3   -1     8  16    642
339  57   6   13    -1  3      3   -1     8  16    643
345  57   6   13    -1  3      3   -1     8  16    644
45   267  6   10    -1  3      3   -1     8  16    645
21   57   7   13    0   3      4   -1     8  16    646
46   331  6   9     -1  0      3   -4     8  16    647
129  131  6   12    -1  3      3   -1     8  16    648
298  356  8   7     0   0      4   -4     8  16    649
306  356  8   7     0   0      4   -4     8  16    650
150  370  7   7     -1  0      3   -4     8  16    651
314  356  8   7     0   0      4   -4     8  16    652
175  348  9   7     0   0      4   -4     8  16    653
200  217  8   10    0   0      4   -4     8  16    654
322  356  8   7     0   0      4   -4     8  16    655
208  217  8   10    -1  3      3   -1     8  16    656
272  340  7   8     -1  1      3   -3     8  16    657
216  217  8   10    0   3      4   -1     8  16    658
266  247  7   10    -1  3      3   -1     8  16    659
224  217  8   10    0   0      4   -4     8  16    660
232  217  8   10    0   0      4   -4     8  16    661
240  217  8   10    0   0      4   -4     8  16    662
248  217  8   10    0   3      4   -1     8  16    663
256  217  8   10    0   0      4   -4     8  16    664
157  370  7   7     -1  0      3   -4     8  16    665
330  356  8   7     0   0      4   -4     8  16    666
201  331  9   8     0   0      4   -4     8  16    667
164  370  7   7     -1  0      3   -4     8  16    668
16   44   8   13    0   3      4   -1     8  16    669
273  247  7   10    0   3      4   -1     8  16    670
171  370  7   7     -1  0      3   -4     8  16    671
343  17   9   13    0   3      4   -1     8  16    672
264  217  8   10    0   0      4   -4     8  16    673
272  217  8   10    0   0      4   -4     8  16    674
274  187  9   10    0   0      4   -4     8  16    675
352  17   9   13    0   3      4   -1     8  16    676
371  131  9   11    0   1      4   -3     8  16    677
126  277  9   9     0   0      4   -4     8  16    678
361  17   9   13    0   3      4   -1     8  16    679
121  267  10  9     1   0      5   -4     8  16    680
24   44   8   13    0   3      4   -1     8  16    681
283  187  9   10    0   0      4   -4     8  16    682
280  217  8   10    -1  0      3   -4     8  16    683
288  217  8   10    0   0      4   -4     8  16    684
280  247  7   10    -1  0      3   -4     8  16    685
296  217  8   10    0   3      4   -1     8  16    686
0    187  10  10    0   3      4   -1     8  16    687
331  377  5   7     -2  -3     2   -7     8  16    688
336  377  5   7     -2  -3     2   -7     8  16    689
163  331  3   9     -2  -1     2   -5     8  16    690
226  391  3   5     -3  -3     1   -7     8  16    691
229  391  3   5     -2  -3     2   -7     8  16    692
40   384  4   7     -2  -1     2   -5     8  16    693
84   391  5   5     -2  -3     2   -7     8  16    694
229  384  8   5     0   -3     4   -7     8  16    695
103  377  6   7     -1  -1     3   -5     8  16    696
116  396  2   4     -3  -6     1   -10    8  16    697
364  391  6   4     -1  -6     3   -10    8  16    698
374  14   2   3     -3  -7     1   -11    8  16    699
366  14   2   3     -3  -7     1   -11    8  16    700
358  14   2   3     -3  -7     1   -11    8  16    701
350  396  3   3     -3  -8     1   -12    8  16    702
374  396  2   3     -3  -7     1   -11    8  16    703
341  377  5   7     -2  -3     2   -7     8  16    704
346  377  5   7     -2  -3     2   -7     8  16    705
338  356  8   7     0   -1     4   -5     8  16    706
346  356  8   7     0   -1     4   -5     8  16    707
354  356  8   7     0   -2     4   -6     8  16    708
362  356  8   7     0   -2     4   -6     8  16    709
318  15   6   2     -1  -8     3   -12    8  16    710
386  389  6   2     -1  -8     3   -12    8  16    711
392  302  2   2     -3  -8     1   -12    8  16    712
266  16   5   1     -2  -9     2   -13    8  16    713
355  400  3   2     -3  -8     1   -12    8  16    714
358  400  3   2     -2  -8     2   -12    8  16    715
392  311  2   2     -3  3      1   -1     8  16    716
261  16   5   1     -2  4      2   0      8  16    717
361  400  3   2     -3  3      1   -1     8  16    718
364  400  3   2     -3  3      1   -1     8  16    719
392  304  2   7     -3  0      1   -4     8  16    720
392  329  2   2     -3  -5     1   -9     8  16    721
353  396  3   3     -3  -1     1   -5     8  16    722
376  396  2   3     -3  -1     1   -5     8  16    723
251  400  4   2     -2  -1     2   -5     8  16    724
255  400  4   2     -2  -1     2   -5     8  16    725
259  400  4   2     -2  -1     2   -5     8  16    726
243  16   5   1     -2  -2     2   -6     8  16    727
178  400  5   2     -2  -8     2   -12    8  16    728
284  16   2   1     -3  -9     1   -13    8  16    729
226  396  4   3     -2  -8     2   -12    8  16    730
356  396  3   3     -3  3      1   -1     8  16    731
380  389  6   2     -1  -8     3   -12    8  16    732
374  389  6   2     0   -8     4   -12    8  16    733
182  396  5   3     1   -2     5   -6     8  16    734
296  384  6   5     -1  -6     3   -10    8  16    735
109  377  6   7     -1  -1     3   -5     8  16    736
115  377  6   7     -1  -3     3   -7     8  16    737
89   391  5   5     -2  -3     2   -7     8  16    738
302  384  6   5     -1  -3     3   -7     8  16    739
351  377  5   7     -2  -3     2   -7     8  16    740
389  165  4   10    -2  0      2   -4     8  16    741
389  197  4   10    -2  0      2   -4     8  16    742
87   267  4   10    -2  0      2   -4     8  16    743
91   267  4   10    -2  0      2   -4     8  16    744
95   267  4   10    -2  0      2   -4     8  16    745
182  384  4   6     -2  0      2   -4     8  16    746
186  384  4   6     -2  0      2   -4     8  16    747
183  400  5   2     -2  3      2   -1     8  16    748
188  400  5   2     -2  -8     2   -12    8  16    749
187  396  5   3     -1  -7     3   -11    8  16    750
263  400  4   2     0   3      4   -1     8  16    751
267  400  4   2     0   3      4   -1     8  16    752
359  396  3   3     -1  3      3   -1     8  16    753
362  396  3   3     -1  3      3   -1     8  16    754
230  396  4   3     0   3      4   -1     8  16    755
271  400  4   2     0   -2     4   -6     8  16    756
368  389  6   2     1   -2     5   -6     8  16    757
362  389  6   2     1   -2     5   -6     8  16    758
356  389  6   2     1   3      5   -1     8  16    759
392  322  2   7     -3  -3     1   -7     8  16    760
275  400  4   2     -2  -8     2   -12    8  16    761
279  400  4   2     -2  -8     2   -12    8  16    762
283  400  4   2     -2  3      2   -1     8  16    763
287  400  4   2     -2  3      2   -1     8  16    764
350  389  6   2     -1  3      3   -1     8  16    765
344  389  6   2     -1  3      3   -1     8  16    766
11   396  5   4     -2  3      2   -1     8  16    767
367  400  3   2     4   -11    4   -15    0  16    768
370  400  3   2     3   -11    3   -15    0  16    769
338  389  6   2     3   -8     3   -12    0  16    770
332  389  6   2     7   -10    7   -14    0  16    771
280  16   4   1     2   -8     2   -12    0  16    772
82   16   10  1     5   -11    5   -15    0  16    773
291  400  4   2     2   -8     2   -12    0  16    774
241  16   2   1     1   -8     1   -12    0  16    775
276  16   4   1     2   -9     2   -13    0  16    776
295  400  4   2     4   -10    4   -14    0  16    777
234  396  4   3     2   -9     2   -13    0  16    778
326  389  6   2     3   -8     3   -12    0  16    779
320  389  6   2     3   -8     3   -12    0  16    780
392  389  2   2     1   -8     1   -12    0  16    781
299  400  4   2     2   -8     2   -12    0  16    782
314  389  6   2     3   -8     3   -12    0  16    783
238  396  4   3     2   -8     2   -12    0  16    784
303  400  4   2     2   -8     2   -12    0  16    785
378  396  2   3     1   -7     1   -11    0  16    786
380  396  2   3     1   -7     1   -11    0  16    787
382  396  2   3     1   -7     1   -11    0  16    788
365  396  3   3     1   -7     1   -11    0  16    789
307  400  4   2     2   3      2   -1     0  16    790
311  400  4   2     2   3      2   -1     0  16    791
315  400  4   2     2   3      2   -1     0  16    792
319  400  4   2     2   3      2   -1     0  16    793
368  14   6   3     3   -9     3   -13    0  16    794
384  396  2   3     0   -7     0   -11    0  16    795
386  396  2   3     1   3      1   -1     0  16    796
323  400  4   2     2   3      2   -1     0  16    797
327  400  4   2     2   3      2   -1     0  16    798
242  396  4   3     2   3      2   -1     0  16    799
255  16   6   1     3   2      3   -2     0  16    800
71   396  4   4     2   3      2   -1     0  16    801
111  396  3   4     0   3      0   -1     0  16    802
220  16   3   1     6   2      6   -2     0  16    803
237  16   4   1     2   3      2   -1     0  16    804
246  396  4   3     2   3      2   -1     0  16    805
275  389  2   2     1   3      1   -1     0  16    806
250  396  4   3     2   3      2   -1     0  16    807
254  396  4   3     2   3      2   -1     0  16    808
267  389  2   2     1   3      1   -1     0  16    809
308  389  6   2     3   3      3   -1     0  16    810
302  389  6   2     3   3      3   -1     0  16    811
296  389  6   2     3   3      3   -1     0  16    812
290  389  6   2     3   3      3   -1     0  16    813
331  400  4   2     2   3      2   -1     0  16    814
335  400  4   2     2   3      2   -1     0  16    815
284  389  6   2     3   3      3   -1     0  16    816
216  16   4   1     2   2      2   -2     0  16    817
72   16   10  1     5   3      5   -1     0  16    818
277  389  6   2     3   3      3   -1     0  16    819
269  389  6   2     3   -2     3   -6     0  16    820
249  16   6   1     3   -2     3   -6     0  16    821
61   16   10  1     5   -2     5   -6     0  16    822
370  356  8   7     4   0      4   -4     0  16    823
389  131  4   11    2   0      2   -4     0  16    824
388  396  2   3     1   3      1   -1     0  16    825
261  389  6   2     3   3      3   -1     0  16    826
258  396  4   3     2   3      2   -1     0  16    827
253  389  6   2     3   3      3   -1     0  16    828
262  396  4   3     2   -8     2   -12    0  16    829
118  396  2   4     1   -8     1   -12    0  16    830
32   400  10  2     5   -11    5   -15    0  16    831
373  400  3   2     3   -8     3   -12    0  16    832
376  400  3   2     0   -8     0   -12    0  16    833
245  389  6   2     3   -8     3   -12    0  16    834
390  396  2   3     1   -7     1   -11    0  16    835
237  389  6   2     3   -8     3   -12    0  16    836
379  400  3   2     1   3      1   -1     0  16    837
229  389  6   2     3   -8     3   -12    0  16    838
302  15   8   2     4   3      4   -1     0  16    839
339  400  4   2     2   3      2   -1     0  16    840
343  400  4   2     2   3      2   -1     0  16    841
221  389  6   2     3   -8     3   -12    0  16    842
308  384  6   5     3   -8     3   -12    0  16    843
370  391  6   4     3   -9     3   -13    0  16    844
347  400  4   2     2   2      2   -2     0  16    845
266  396  4   3     2   3      2   -1     0  16    846
64   176  12  10    6   0      6   -4     0  16    847
392  396  2   3     1   -8     1   -12    0  16    848
0    400  2   3     1   -8     1   -12    0  16    849
270  396  4   3     2   -9     2   -13    0  16    850
274  396  4   3     2   3      2   -1     0  16    851
2    400  2   3     1   3      1   -1     0  16    852
4    400  2   3     1   3      1   -1     0  16    853
192  396  5   3     2   3      2   -1     0  16    854
6    400  2   3     1   -8     1   -12    0  16    855
202  16   2   1     -1  -8     -1  -12    0  16    856
278  396  4   3     2   3      2   -1     0  16    857
213  389  6   2     3   2      3   -2     0  16    858
282  396  4   3     2   -8     2   -12    0  16    859
126  396  12  3     2   3      2   -1     0  16    860
138  396  12  3     2   -9     2   -13    0  16    861
148  16   9   1     2   -9     2   -13    0  16    862
139  16   9   1     2   2      2   -2     0  16    863
20   400  12  2     2   -8     2   -12    0  16    864
150  396  12  3     2   -8     2   -12    0  16    865
204  389  9   2     2   2      2   -2     0  16    866
314  384  6   5     3   -3     3   -7     0  16    867
320  384  6   5     3   -3     3   -7     0  16    868
392  363  2   7     1   -3     1   -7     0  16    869
326  384  6   5     3   -3     3   -7     0  16    870
332  384  6   5     3   -3     3   -7     0  16    871
338  384  6   5     3   -3     3   -7     0  16    872
121  377  6   7     3   -3     3   -7     0  16    873
356  377  5   7     2   -3     2   -7     0  16    874
237  384  8   5     4   -3     4   -7     0  16    875
214  391  4   5     2   -3     2   -7     0  16    876
190  384  4   6     2   -3     2   -7     0  16    877
344  384  6   5     3   -3     3   -7     0  16    878
350  384  6   5     3   -3     3   -7     0  16    879
382  400  3   2     -1  -8     -1  -12    0  16    884
385  400  3   2     0   3      0   -1     0  16    885
388  400  3   2     -1  3      -1  -1     0  16    890
378  356  8   7     0   0      4   -4     8  16    891
386  356  8   7     0   0      4   -4     8  16    892
0    363  8   7     0   0      4   -4     8  16    893
151  331  4   9     -2  2      2   -2     8  16    894
391  400  3   2     -3  -8     1   -12    8  16    900
193  400  5   2     -2  -8     2   -12    8  16    901
135  277  9   9     0   0      4   -4     8  16    902
259  389  2   2     -3  -3     1   -7     8  16    903
131  267  10  9     1   0      5   -4     8  16    904
56   304  8   9     0   0      4   -4     8  16    905
64   304  8   9     0   0      4   -4     8  16    906
141  267  10  9     1   0      5   -4     8  16    908
144  277  9   9     0   0      4   -4     8  16    910
151  267  10  9     1   0      5   -4     8  16    911
287  247  7   10    -1  0      3   -4     8  16    912
153  277  9   9     0   0      4   -4     8  16    913
126  322  7   9     -1  0      3   -4     8  16    914
133  322  7   9     -1  0      3   -4     8  16    915
162  277  9   9     0   0      4   -4     8  16    916
140  322  7   9     -1  0      3   -4     8  16    917
72   304  8   9     0   0      4   -4     8  16    918
147  322  7   9     -1  0      3   -4     8  16    919
80   304  8   9     0   0      4   -4     8  16    920
52   331  6   9     -1  0      3   -4     8  16    921
88   304  8   9     -1  0      3   -4     8  16    922
171  277  9   9     0   0      4   -4     8  16    923
96   304  8   9     0   0      4   -4     8  16    924
154  322  7   9     -1  0      3   -4     8  16    925
104  304  8   9     0   0      4   -4     8  16    926
112  304  8   9     0   0      4   -4     8  16    927
161  322  7   9     -1  0      3   -4     8  16    928
168  322  7   9     -1  0      3   -4     8  16    929
180  277  9   9     0   0      4   -4     8  16    931
120  304  8   9     0   0      4   -4     8  16    932
189  277  9   9     0   0      4   -4     8  16    933
198  277  9   9     0   0      4   -4     8  16    934
207  277  9   9     0   0      4   -4     8  16    935
216  277  9   9     0   0      4   -4     8  16    936
128  304  8   9     0   0      4   -4     8  16    937
359  165  6   11    -1  0      3   -4     8  16    938
380  131  9   11    0   0      4   -4     8  16    939
304  217  8   10    0   0      4   -4     8  16    940
294  247  7   10    -1  0      3   -4     8  16    941
28   57   7   13    -1  3      3   -1     8  16    942
301  247  7   10    -1  0      3   -4     8  16    943
308  247  7   10    -1  0      3   -4     8  16    944
8    363  8   7     0   0      4   -4     8  16    945
35   57   7   13    -1  3      3   -1     8  16    946
312  217  8   10    0   3      4   -1     8  16    947
320  217  8   10    0   0      4   -4     8  16    948
178  370  7   7     -1  0      3   -4     8  16    949
196  119  7   12    -1  2      3   -2     8  16    950
315  247  7   10    -1  3      3   -1     8  16    951
322  247  7   10    -1  0      3   -4     8  16    952
185  370  7   7     -1  0      3   -4     8  16    953
192  370  7   7     -1  0      3   -4     8  16    954
328  217  8   10    0   0      4   -4     8  16    955
329  247  7   10    -1  3      3   -1     8  16    956
16   363  8   7     0   0      4   -4     8  16    957
203  119  7   12    -1  2      3   -2     8  16    958
24   363  8   7     0   0      4   -4     8  16    959
184  348  9   7     0   0      4   -4     8  16    960
336  247  7   10    -1  3      3   -1     8  16    961
175  322  7   9     -1  2      3   -2     8  16    962
193  348  9   7     0   0      4   -4     8  16    963
199  370  7   7     -1  0      3   -4     8  16    964
206  370  7   7     -1  0      3   -4     8  16    965
0    143  9   11    0   3      4   -1     8  16    966
336  217  8   10    0   3      4   -1     8  16    967
288  95   8   12    0   3      4   -1     8  16    968
202  348  9   7     0   0      4   -4     8  16    969
182  322  7   9     -1  0      3   -4     8  16    970
189  322  7   9     -1  0      3   -4     8  16    971
344  217  8   10    0   0      4   -4     8  16    972
343  247  7   10    -1  0      3   -4     8  16    973
292  187  9   10    0   0      4   -4     8  16    974
352  217  8   10    0   0      4   -4     8  16    976
360  217  8   10    0   0      4   -4     8  16    977
161  267  10  9     0   0      4   -4     8  16    978
38   176  13  10    3   0      7   -4     8  16    979
221  131  10  11    0   0      4   -4     8  16    980
32   44   8   13    0   3      4   -1     8  16    981
211  348  9   7     0   0      4   -4     8  16    982
368  217  8   10    0   3      4   -1     8  16    983
296  95   8   12    0   3      4   -1     8  16    984
376  217  8   10    0   3      4   -1     8  16    985
136  304  8   9     0   0      4   -4     8  16    986
384  217  8   10    0   3      4   -1     8  16    987
196  322  7   9     -1  0      3   -4     8  16    988
350  247  7   10    -1  3      3   -1     8  16    989
10   187  10  10    1   0      5   -4     8  16    990
0    227  8   10    0   0      4   -4     8  16    991
304  95   8   12    0   3      4   -1     8  16    992
40   44   8   13    0   3      4   -1     8  16    993
312  95   8   12    0   3      4   -1     8  16    994
8    227  8   10    0   3      4   -1     8  16    995
144  304  8   9     0   0      4   -4     8  16    996
152  304  8   9     0   0      4   -4     8  16    997
210  119  7   12    -1  3      3   -1     8  16    998
381  331  8   8     0   1      4   -3     8  16    999
160  304  8   9     0   0      4   -4     8  16    1000
168  304  8   9     0   0      4   -4     8  16    1001
301  187  9   10    0   0      4   -4     8  16    1002
220  348  9   7     0   0      4   -4     8  16    1003
176  304  8   9     0   0      4   -4     8  16    1004
0    340  8   8     0   0      4   -4     8  16    1005
184  304  8   9     0   0      4   -4     8  16    1006
16   227  8   10    0   0      4   -4     8  16    1007
229  348  9   7     0   0      4   -4     8  16    1008
24   227  8   10    0   3      4   -1     8  16    1009
32   363  8   7     0   0      4   -4     8  16    1010
351  57   6   13    0   3      4   -1     8  16    1011
192  304  8   9     0   0      4   -4     8  16    1012
40   363  8   7     0   0      4   -4     8  16    1013
213  370  7   7     -1  0      3   -4     8  16    1014
203  322  7   9     -1  0      3   -4     8  16    1015
42   57   7   13    -1  3      3   -1     8  16    1016
200  304  8   9     0   0      4   -4     8  16    1017
208  304  8   9     0   0      4   -4     8  16    1018
32   227  8   10    0   3      4   -1     8  16    1019
40   227  8   10    0   3      4   -1     8  16    1020
216  304  8   9     0   0      4   -4     8  16    1021
224  304  8   9     0   0      4   -4     8  16    1022
232  304  8   9     0   0      4   -4     8  16    1023
217  119  7   12    -1  0      3   -4     8  16    1024
96   165  7   11    -1  0      3   -4     8  16    1025
240  304  8   9     0   0      4   -4     8  16    1026
224  119  7   12    -1  0      3   -4     8  16    1027
248  304  8   9     0   0      4   -4     8  16    1028
256  304  8   9     0   0      4   -4     8  16    1029
58   331  6   9     -1  0      3   -4     8  16    1030
365  165  6   11    -1  0      3   -4     8  16    1031
64   331  6   9     -1  0      3   -4     8  16    1032
225  277  9   9     0   0      4   -4     8  16    1033
234  277  9   9     0   0      4   -4     8  16    1034
264  304  8   9     0   0      4   -4     8  16    1035
320  95   8   12    -1  0      3   -4     8  16    1036
231  119  7   12    -1  0      3   -4     8  16    1037
251  70   9   12    0   0      4   -4     8  16    1038
238  119  7   12    -1  3      3   -1     8  16    1039
243  277  9   9     0   0      4   -4     8  16    1040
272  304  8   9     -1  0      3   -4     8  16    1041
210  322  7   9     -1  0      3   -4     8  16    1042
217  322  7   9     -1  0      3   -4     8  16    1043
260  70   9   12    0   3      4   -1     8  16    1044
224  322  7   9     -1  0      3   -4     8  16    1045
252  277  9   9     0   0      4   -4     8  16    1046
280  304  8   9     0   0      4   -4     8  16    1047
231  322  7   9     -1  0      3   -4     8  16    1048
245  119  7   12    -1  0      3   -4     8  16    1049
288  304  8   9     -1  0      3   -4     8  16    1050
261  277  9   9     1   0      5   -4     8  16    1051
296  304  8   9     0   0      4   -4     8  16    1052
238  322  7   9     -1  0      3   -4     8  16    1053
304  304  8   9     0   0      4   -4     8  16    1054
245  322  7   9     -1  0      3   -4     8  16    1055
252  322  7   9     -1  0      3   -4     8  16    1056
312  304  8   9     0   0      4   -4     8  16    1057
320  304  8   9     0   0      4   -4     8  16    1058
270  277  9   9     0   0      4   -4     8  16    1059
279  277  9   9     0   0      4   -4     8  16    1060
288  277  9   9     0   0      4   -4     8  16    1061
269  70   9   12    0   3      4   -1     8  16    1062
328  304  8   9     0   0      4   -4     8  16    1063
336  304  8   9     0   0      4   -4     8  16    1064
278  70   9   12    0   3      4   -1     8  16    1065
344  304  8   9     0   0      4   -4     8  16    1066
352  304  8   9     0   0      4   -4     8  16    1067
360  304  8   9     -1  0      3   -4     8  16    1068
368  304  8   9     0   0      4   -4     8  16    1069
297  277  9   9     0   0      4   -4     8  16    1070
376  304  8   9     0   0      4   -4     8  16    1071
48   363  8   7     0   0      4   -4     8  16    1072
48   227  8   10    0   0      4   -4     8  16    1073
220  370  7   7     -1  0      3   -4     8  16    1074
227  370  7   7     -1  0      3   -4     8  16    1075
56   227  8   10    0   3      4   -1     8  16    1076
56   363  8   7     0   0      4   -4     8  16    1077
238  348  9   7     0   0      4   -4     8  16    1078
64   363  8   7     0   0      4   -4     8  16    1079
234  370  7   7     -1  0      3   -4     8  16    1080
357  247  7   10    -1  0      3   -4     8  16    1081
241  370  7   7     -1  0      3   -4     8  16    1082
72   363  8   7     0   0      4   -4     8  16    1083
8    340  8   8     0   1      4   -3     8  16    1084
248  370  7   7     -1  0      3   -4     8  16    1085
80   363  8   7     0   0      4   -4     8  16    1086
255  370  7   7     -1  0      3   -4     8  16    1087
364  247  7   10    -1  3      3   -1     8  16    1088
88   363  8   7     0   0      4   -4     8  16    1089
96   363  8   7     0   0      4   -4     8  16    1090
64   227  8   10    0   3      4   -1     8  16    1091
48   44   8   13    0   3      4   -1     8  16    1092
104  363  8   7     0   0      4   -4     8  16    1093
72   227  8   10    -1  3      3   -1     8  16    1094
127  377  6   7     -1  0      3   -4     8  16    1095
112  363  8   7     0   0      4   -4     8  16    1096
310  187  9   10    0   3      4   -1     8  16    1097
120  363  8   7     0   0      4   -4     8  16    1098
128  363  8   7     0   0      4   -4     8  16    1099
262  370  7   7     -1  0      3   -4     8  16    1100
136  363  8   7     0   0      4   -4     8  16    1101
247  348  9   7     0   0      4   -4     8  16    1102
269  370  7   7     0   0      4   -4     8  16    1103
80   227  8   10    0   0      4   -4     8  16    1104
384  304  8   9     0   0      4   -4     8  16    1105
56   44   8   13    0   3      4   -1     8  16    1106
371  247  7   10    -1  0      3   -4     8  16    1107
144  363  8   7     0   0      4   -4     8  16    1108
276  370  7   7     -1  0      3   -4     8  16    1109
88   227  8   10    0   0      4   -4     8  16    1110
0    313  8   9     0   0      4   -4     8  16    1111
357  57   6   13    0   3      4   -1     8  16    1112
256  348  9   7     0   0      4   -4     8  16    1113
265  348  9   7     0   0      4   -4     8  16    1114
96   227  8   10    0   0      4   -4     8  16    1115
378  247  7   10    -1  0      3   -4     8  16    1116
385  247  7   10    -1  0      3   -4     8  16    1117
64   44   8   13    0   3      4   -1     8  16    1118
0    257  7   10    -1  3      3   -1     8  16    1119
8    313  8   9     0   0      4   -4     8  16    1120
34   348  10  7     1   0      5   -4     8  16    1121
306  277  9   9     0   0      4   -4     8  16    1122
319  187  9   10    0   0      4   -4     8  16    1123
315  277  9   9     0   0      4   -4     8  16    1124
274  348  9   7     0   0      4   -4     8  16    1125
324  277  9   9     0   0      4   -4     8  16    1126
152  363  8   7     0   0      4   -4     8  16    1127
333  277  9   9     0   0      4   -4     8  16    1128
283  348  9   7     0   0      4   -4     8  16    1129
342  277  9   9     0   0      4   -4     8  16    1130
292  348  9   7     0   0      4   -4     8  16    1131
351  277  9   9     0   0      4   -4     8  16    1132
301  348  9   7     0   0      4   -4     8  16    1133
294  0    8   15    0   3      4   -1     8  16    1134
135  131  6   12    -1  3      3   -1     8  16    1135
360  277  9   9     0   0      4   -4     8  16    1136
104  227  8   10    0   3      4   -1     8  16    1137
16   313  8   9     0   0      4   -4     8  16    1138
160  363  8   7     0   0      4   -4     8  16    1139
171  267  10  9     0   0      4   -4     8  16    1140
310  348  9   7     0   0      4   -4     8  16    1141
33   70   10  12    0   0      4   -4     8  16    1142
328  187  9   10    0   0      4   -4     8  16    1143
287  70   9   12    0   3      4   -1     8  16    1144
337  187  9   10    0   3      4   -1     8  16    1145
40   154  8   11    0   1      4   -3     8  16    1146
24   313  8   9     0   1      4   -3     8  16    1147
325  0    9   14    0   0      4   -4     8  16    1148
9    143  9   11    0   0      4   -4     8  16    1149
328  95   8   12    0   0      4   -4     8  16    1150
181  267  10  9     1   0      5   -4     8  16    1151
336  95   8   12    0   3      4   -1     8  16    1152
7    257  7   10    -1  3      3   -1     8  16    1153
112  227  8   10    0   0      4   -4     8  16    1154
42   400  6   2     3   -8     3   -12    0  16    1155
48   400  6   2     3   -8     3   -12    0  16    1156
8    400  2   3     1   -7     1   -11    0  16    1157
10   400  2   3     1   -7     1   -11    0  16    1158
294  15   8   2     4   -9     4   -13    0  16    1159
19   70   14  12    7   2      7   -2     0  16    1160
7    17   14  13    7   3      7   -1     0  16    1161
302  0    8   15    -1  3      3   -1     8  16    1162
344  95   8   12    -1  2      3   -2     8  16    1163
369  277  9   9     0   0      4   -4     8  16    1164
120  227  8   10    0   0      4   -4     8  16    1165
259  322  7   9     -1  0      3   -4     8  16    1166
14   257  7   10    -1  3      3   -1     8  16    1167
103  165  7   11    -1  0      3   -4     8  16    1168
21   257  7   10    -1  0      3   -4     8  16    1169
32   313  8   9     0   0      4   -4     8  16    1170
168  363  8   7     0   0      4   -4     8  16    1171
252  119  7   12    -1  3      3   -1     8  16    1172
28   257  7   10    -1  3      3   -1     8  16    1173
296  70   9   12    0   3      4   -1     8  16    1174
346  187  9   10    0   3      4   -1     8  16    1175
352  95   8   12    0   3      4   -1     8  16    1176
128  227  8   10    0   3      4   -1     8  16    1177
360  95   8   12    -1  3      3   -1     8  16    1178
35   257  7   10    -1  3      3   -1     8  16    1179
40   313  8   9     -1  0      3   -4     8  16    1180
283  370  7   7     -1  0      3   -4     8  16    1181
378  277  9   9     0   0      4   -4     8  16    1182
136  227  8   10    0   0      4   -4     8  16    1183
0    286  9   9     0   0      4   -4     8  16    1184
176  363  8   7     0   0      4   -4     8  16    1185
368  95   8   12    -1  3      3   -1     8  16    1186
42   257  7   10    -1  3      3   -1     8  16    1187
9    286  9   9     0   0      4   -4     8  16    1188
319  348  9   7     0   0      4   -4     8  16    1189
305  70   9   12    0   3      4   -1     8  16    1190
355  187  9   10    0   3      4   -1     8  16    1191
18   286  9   9     0   0      4   -4     8  16    1192
328  348  9   7     0   0      4   -4     8  16    1193
376  95   8   12    0   3      4   -1     8  16    1194
144  227  8   10    0   3      4   -1     8  16    1195
384  95   8   12    0   3      4   -1     8  16    1196
152  227  8   10    0   3      4   -1     8  16    1197
27   286  9   9     0   0      4   -4     8  16    1198
160  227  8   10    0   3      4   -1     8  16    1199
36   286  9   9     0   0      4   -4     8  16    1200
168  227  8   10    0   3      4   -1     8  16    1201
314  70   9   12    0   3      4   -1     8  16    1202
176  227  8   10    0   3      4   -1     8  16    1203
323  70   9   12    0   3      4   -1     8  16    1204
364  187  9   10    0   3      4   -1     8  16    1205
332  70   9   12    0   3      4   -1     8  16    1206
49   257  7   10    -1  3      3   -1     8  16    1207
48   313  8   9     0   0      4   -4     8  16    1208
133  377  6   7     -1  0      3   -4     8  16    1209
266  322  7   9     -1  0      3   -4     8  16    1210
56   257  7   10    -1  0      3   -4     8  16    1211
191  267  10  9     1   0      5   -4     8  16    1212
337  348  9   7     0   0      4   -4     8  16    1213
231  131  10  11    1   2      5   -2     8  16    1214
45   286  9   9     0   2      4   -2     8  16    1215
70   331  6   9     -1  0      3   -4     8  16    1216
341  70   9   12    0   0      4   -4     8  16    1217
373  187  9   10    0   0      4   -4     8  16    1218
0    107  8   12    -1  3      3   -1     8  16    1219
63   257  7   10    -1  3      3   -1     8  16    1220
43   70   10  12    1   3      5   -1     8  16    1221
54   286  9   9     0   2      4   -2     8  16    1222
8    107  8   12    0   3      4   -1     8  16    1223
70   257  7   10    -1  3      3   -1     8  16    1224
16   107  8   12    -1  3      3   -1     8  16    1225
56   313  8   9     -1  2      3   -2     8  16    1226
24   107  8   12    0   3      4   -1     8  16    1227
51   267  6   10    -1  3      3   -1     8  16    1228
350  70   9   12    0   3      4   -1     8  16    1229
63   286  9   9     0   2      4   -2     8  16    1230
110  165  7   11    -1  0      3   -4     8  16    1231
359  70   9   12    0   0      4   -4     8  16    1232
184  227  8   10    0   0      4   -4     8  16    1233
18   143  9   11    0   0      4   -4     8  16    1234
64   313  8   9     0   0      4   -4     8  16    1235
72   286  9   9     0   0      4   -4     8  16    1236
346  348  9   7     0   0      4   -4     8  16    1237
259  119  7   12    -1  0      3   -4     8  16    1238
192  227  8   10    0   0      4   -4     8  16    1239
72   313  8   9     0   0      4   -4     8  16    1240
184  363  8   7     0   0      4   -4     8  16    1241
48   154  8   11    0   0      4   -4     8  16    1242
80   313  8   9     0   0      4   -4     8  16    1243
27   143  9   11    0   0      4   -4     8  16    1244
81   286  9   9     0   0      4   -4     8  16    1245
56   154  8   11    0   0      4   -4     8  16    1246
88   313  8   9     0   0      4   -4     8  16    1247
200  227  8   10    0   0      4   -4     8  16    1248
208  227  8   10    0   3      4   -1     8  16    1249
117  165  7   11    -1  0      3   -4     8  16    1250
273  322  7   9     -1  0      3   -4     8  16    1251
124  165  7   11    -1  0      3   -4     8  16    1252
280  322  7   9     -1  0      3   -4     8  16    1253
64   154  8   11    0   0      4   -4     8  16    1254
96   313  8   9     0   0      4   -4     8  16    1255
104  313  8   9     0   0      4   -4     8  16    1256
192  363  8   7     0   0      4   -4     8  16    1257
72   154  8   11    0   0      4   -4     8  16    1258
112  313  8   9     0   0      4   -4     8  16    1259
80   154  8   11    0   0      4   -4     8  16    1260
120  313  8   9     0   0      4   -4     8  16    1261
36   143  9   11    0   0      4   -4     8  16    1262
32   107  8   12    0   3      4   -1     8  16    1263
45   143  9   11    0   0      4   -4     8  16    1264
40   107  8   12    0   3      4   -1     8  16    1265
368  70   9   12    0   0      4   -4     8  16    1266
72   44   8   13    0   3      4   -1     8  16    1267
88   154  8   11    0   0      4   -4     8  16    1268
76   331  6   9     -1  0      3   -4     8  16    1269
266  119  7   12    -1  3      3   -1     8  16    1270
77   257  7   10    -1  3      3   -1     8  16    1271
96   154  8   11    0   0      4   -4     8  16    1272
128  313  8   9     0   0      4   -4     8  16    1273
48   107  8   12    0   3      4   -1     8  16    1274
216  227  8   10    0   3      4   -1     8  16    1275
377  70   9   12    0   3      4   -1     8  16    1276
224  227  8   10    0   3      4   -1     8  16    1277
90   286  9   9     0   0      4   -4     8  16    1278
200  363  8   7     0   0      4   -4     8  16    1279
136  313  8   9     0   0      4   -4     8  16    1280
232  227  8   10    0   0      4   -4     8  16    1281
99   286  9   9     0   0      4   -4     8  16    1282
240  227  8   10    0   0      4   -4     8  16    1283
108  286  9   9     0   0      4   -4     8  16    1284
355  348  9   7     0   0      4   -4     8  16    1285
0    83   9   12    0   3      4   -1     8  16    1286
248  227  8   10    0   3      4   -1     8  16    1287
382  187  9   10    0   1      4   -3     8  16    1288
208  363  8   7     0   0      4   -4     8  16    1289
144  313  8   9     0   0      4   -4     8  16    1290
216  363  8   7     0   0      4   -4     8  16    1291
152  313  8   9     0   0      4   -4     8  16    1292
224  363  8   7     0   0      4   -4     8  16    1293
117  286  9   9     0   0      4   -4     8  16    1294
364  348  9   7     0   0      4   -4     8  16    1295
160  313  8   9     0   0      4   -4     8  16    1296
290  370  7   7     -1  0      3   -4     8  16    1297
9    83   9   12    1   3      5   -1     8  16    1298
256  227  8   10    0   3      4   -1     8  16    1299
104  154  8   11    0   2      4   -2     8  16    1306
264  227  8   10    0   3      4   -1     8  16    1307
126  286  9   9     0   0      4   -4     8  16    1308
373  348  9   7     0   0      4   -4     8  16    1309
286  396  4   3     -2  3      -2  -1     0  16    1425
290  396  4   3     -2  -9     -2  -13    0  16    1426
368  396  3   3     -3  -9     -3  -13    0  16    1427
12   400  2   3     -3  -9     -3  -13    0  16    1428
294  396  4   3     -2  -9     -2  -13    0  16    1429
0    403  3   2     -3  3      -3  -1     0  16    1430
3    403  3   2     -3  -9     -3  -13    0  16    1431
198  400  5   2     -2  -9     -2  -13    0  16    1432
6    403  3   2     -3  -9     -3  -13    0  16    1433
9    403  3   2     -3  2      -3  -2     0  16    1434
298  396  4   3     -2  3      -2  -1     0  16    1435
12   403  3   2     -3  -9     -3  -13    0  16    1436
15   403  3   2     -3  -9     -3  -13    0  16    1437
54   400  6   2     -1  -9     -1  -13    0  16    1438
283  391  8   4     0   -8     0   -12    0  16    1439
75   396  4   4     -2  -8     -2  -12    0  16    1440
18   403  3   2     -3  -9     -3  -13    0  16    1441
302  396  4   3     -2  3      -2  -1     0  16    1442
21   403  3   2     -3  2      -3  -2     0  16    1443
24   403  3   2     -3  2      -3  -2     0  16    1444
27   403  3   2     -3  3      -3  -1     0  16    1445
60   400  6   2     -1  3      -1  -1     0  16    1446
371  396  3   3     -3  3      -3  -1     0  16    1447
30   403  3   2     -3  -9     -3  -13    0  16    1448
79   396  4   4     -2  -8     -2  -12    0  16    1449
306  396  4   3     -2  3      -2  -1     0  16    1450
33   403  3   2     -3  -9     -3  -13    0  16    1451
36   403  3   2     -3  -9     -3  -13    0  16    1452
39   403  3   2     -3  3      -3  -1     0  16    1453
203  400  5   2     -2  -9     -2  -13    0  16    1454
310  396  4   3     -2  -10    -2  -14    0  16    1455
14   400  2   3     -3  3      -3  -1     0  16    1456
197  396  5   3     -2  3      -2  -1     0  16    1457
202  396  5   3     -2  3      -2  -1     0  16    1458
207  396  5   3     -2  3      -2  -1     0  16    1459
251  389  2   2     -3  3      -3  -1     0  16    1460
351  400  4   2     -2  3      -2  -1     0  16    1461
314  396  4   3     -2  3      -2  -1     0  16    1462
209  16   3   1     -3  2      -3  -2     0  16    1463
42   403  3   2     -3  3      -3  -1     0  16    1464
243  389  2   2     -3  -9     -3  -13    0  16    1465
235  389  2   2     -3  -10    -3  -14    0  16    1466
318  396  4   3     -2  3      -2  -1     0  16    1467
227  389  2   2     -3  -4     -3  -8     0  16    1468
219  389  2   2     -3  3      -3  -1     0  16    1469
208  400  5   2     -2  -8     2   -12    8  16    1470
212  16   3   1     -3  -9     -3  -13    0  16    1471
0    0    2   17    -3  3      1   -1     8  16    1472
60   403  2   2     -3  -9     -3  -13    0  16    1473
62   403  2   2     -3  -10    -3  -14    0  16    1474
391  377  2   7     -3  0      1   -4     8  16    1475
64   403  2   2     -3  -11    -3  -15    0  16    1476
66   403  2   2     -3  4      -3  0      0  16    1477
389  331  5   8     -2  0      2   -4     8  16    1478
322  396  4   3     -2  3      -2  -1     0  16    1479
210  331  9   8     0   0      4   -4     8  16    1488
16   340  8   8     0   0      4   -4     8  16    1489
335  340  6   8     -1  0      3   -4     8  16    1490
24   340  8   8     0   0      4   -4     8  16    1491
32   340  8   8     0   0      4   -4     8  16    1492
392  247  2   8     -3  0      1   -4     8  16    1493
383  340  5   8     -2  0      2   -4     8  16    1494
40   340  8   8     0   0      4   -4     8  16    1495
48   340  8   8     0   0      4   -4     8  16    1496
120  396  2   4     -3  -4     1   -8     8  16    1497
131  165  7   11    0   3      4   -1     8  16    1498
279  340  7   8     -1  0      3   -4     8  16    1499
112  154  8   11    0   0      4   -4     8  16    1500
56   340  8   8     0   0      4   -4     8  16    1501
64   340  8   8     0   0      4   -4     8  16    1502
392  95   2   11    -3  3      1   -1     8  16    1503
388  340  5   8     -2  0      2   -4     8  16    1504
72   340  8   8     0   0      4   -4     8  16    1505
80   340  8   8     0   0      4   -4     8  16    1506
120  154  8   11    0   3      4   -1     8  16    1507
88   340  8   8     0   0      4   -4     8  16    1508
128  154  8   11    0   3      4   -1     8  16    1509
96   340  8   8     0   0      4   -4     8  16    1510
136  154  8   11    0   3      4   -1     8  16    1511
286  340  7   8     0   0      4   -4     8  16    1512
219  331  9   8     0   0      4   -4     8  16    1513
104  340  8   8     0   0      4   -4     8  16    1514
341  340  6   8     -1  0      3   -4     8  16    1520
347  340  6   8     -1  0      3   -4     8  16    1521
376  391  6   4     -1  -4     3   -8     8  16    1522
83   396  4   4     -2  -7     2   -11    8  16    1523
382  391  6   4     -1  -7     3   -11    8  16    1524
232  363  8   7     0   0      4   -4     8  16    7424
44   348  10  7     1   0      5   -4     8  16    7425
382  348  9   7     0   0      4   -4     8  16    7426
240  363  8   7     0   0      4   -4     8  16    7427
248  363  8   7     0   0      4   -4     8  16    7428
297  370  7   7     -1  0      3   -4     8  16    7429
256  363  8   7     0   0      4   -4     8  16    7430
139  377  6   7     -1  0      3   -4     8  16    7431
145  377  6   7     -1  0      3   -4     8  16    7432
272  227  8   10    0   3      4   -1     8  16    7433
361  377  5   7     -1  0      3   -4     8  16    7434
304  370  7   7     -1  0      3   -4     8  16    7435
151  377  6   7     -1  0      3   -4     8  16    7436
264  363  8   7     0   0      4   -4     8  16    7437
311  370  7   7     -1  0      3   -4     8  16    7438
272  363  8   7     0   0      4   -4     8  16    7439
280  363  8   7     0   0      4   -4     8  16    7440
0    356  9   7     0   0      4   -4     8  16    7441
76   384  9   6     0   -1     4   -5     8  16    7442
135  286  9   9     0   1      4   -3     8  16    7443
9    356  9   7     0   0      4   -4     8  16    7444
157  377  6   7     -1  0      3   -4     8  16    7445
291  391  8   4     0   -3     4   -7     8  16    7446
299  391  8   4     0   0      4   -4     8  16    7447
318  370  7   7     -1  0      3   -4     8  16    7448
325  370  7   7     0   0      4   -4     8  16    7449
332  370  7   7     0   0      4   -4     8  16    7450
339  370  7   7     -1  0      3   -4     8  16    7451
346  370  7   7     -1  0      3   -4     8  16    7452
288  363  8   7     0   -1     4   -5     8  16    7453
18   356  9   7     0   -1     4   -5     8  16    7454
144  154  8   11    0   1      4   -3     8  16    7455
296  363  8   7     0   0      4   -4     8  16    7456
27   356  9   7     0   0      4   -4     8  16    7457
353  370  7   7     -1  0      3   -4     8  16    7458
163  377  6   7     -1  0      3   -4     8  16    7459
169  377  6   7     -1  0      3   -4     8  16    7460
36   356  9   7     0   0      4   -4     8  16    7461
366  377  5   7     -2  0      2   -4     8  16    7462
304  363  8   7     0   0      4   -4     8  16    7463
360  370  7   7     -1  0      3   -4     8  16    7464
367  370  7   7     -1  0      3   -4     8  16    7465
45   356  9   7     0   0      4   -4     8  16    7466
312  363  8   7     0   0      4   -4     8  16    7467
374  370  7   7     -1  -3     3   -7     8  16    7468
54   348  10  7     1   -3     5   -7     8  16    7469
175  377  6   7     -1  -3     3   -7     8  16    7470
381  370  7   7     -1  -3     3   -7     8  16    7471
0    377  7   7     -1  -3     3   -7     8  16    7472
181  377  6   7     -1  -3     3   -7     8  16    7473
187  377  6   7     -1  -3     3   -7     8  16    7474
7    377  7   7     -1  -3     3   -7     8  16    7475
193  377  6   7     -1  -3     3   -7     8  16    7476
68   384  2   7     -3  -3     1   -7     8  16    7477
371  377  5   7     -1  -3     3   -7     8  16    7478
14   377  7   7     -1  -3     3   -7     8  16    7479
376  377  5   7     -2  -3     2   -7     8  16    7480
320  363  8   7     0   -3     4   -7     8  16    7481
199  377  6   7     -1  -3     3   -7     8  16    7482
205  377  6   7     -1  -3     3   -7     8  16    7483
328  363  8   7     0   -3     4   -7     8  16    7484
211  377  6   7     -1  -3     3   -7     8  16    7485
217  377  6   7     -1  -3     3   -7     8  16    7486
21   377  7   7     -1  -3     3   -7     8  16    7487
223  377  6   7     -1  -3     3   -7     8  16    7488
229  377  6   7     -1  -3     3   -7     8  16    7489
64   348  10  7     1   -3     5   -7     8  16    7490
356  384  6   5     -1  -3     3   -7     8  16    7491
362  384  6   5     -1  -3     3   -7     8  16    7492
94   391  5   5     -2  -3     2   -7     8  16    7493
204  384  9   5     0   -3     4   -7     8  16    7494
381  377  5   7     -2  -3     2   -7     8  16    7495
386  377  5   7     -2  -3     2   -7     8  16    7496
368  384  6   5     -1  -3     3   -7     8  16    7497
374  384  6   5     -1  -3     3   -7     8  16    7498
99   391  5   5     -2  -3     2   -7     8  16    7499
104  391  5   5     -2  -3     2   -7     8  16    7500
0    384  5   7     -2  -1     2   -5     8  16    7501
70   384  2   7     -3  -1     1   -5     8  16    7502
5    384  5   7     -2  -3     2   -7     8  16    7503
245  384  8   5     0   -3     4   -7     8  16    7504
10   384  5   7     -2  -1     2   -5     8  16    7505
380  384  6   5     -1  -3     3   -7     8  16    7506
109  391  5   5     -2  -3     2   -7     8  16    7507
360  14   6   3     -1  -5     3   -9     8  16    7508
352  14   6   3     -1  -3     3   -7     8  16    7509
15   384  5   7     -2  -1     2   -5     8  16    7510
194  384  4   6     -2  -3     2   -7     8  16    7511
114  391  5   5     -2  -3     2   -7     8  16    7512
386  384  6   5     -1  -4     3   -8     8  16    7513
253  384  8   5     0   -3     4   -7     8  16    7514
0    391  6   5     -1  -3     3   -7     8  16    7515
6    391  6   5     -1  -3     3   -7     8  16    7516
82   331  6   9     -1  -1     3   -5     8  16    7517
235  377  6   7     -1  -1     3   -5     8  16    7518
241  377  6   7     -1  -3     3   -7     8  16    7519
247  377  6   7     -1  -1     3   -5     8  16    7520
253  377  6   7     -1  -1     3   -5     8  16    7521
72   384  2   7     -3  1      1   -3     8  16    7522
232  391  3   5     -3  1      1   -3     8  16    7523
119  391  5   5     -2  1      2   -3     8  16    7524
12   391  6   5     -1  1      3   -3     8  16    7525
88   331  6   9     -1  3      3   -1     8  16    7526
259  377  6   7     -1  3      3   -1     8  16    7527
265  377  6   7     -1  3      3   -1     8  16    7528
271  377  6   7     -1  3      3   -1     8  16    7529
277  377  6   7     -1  3      3   -1     8  16    7530
54   356  9   7     0   0      4   -4     8  16    7531
54   143  9   11    1   0      5   -4     8  16    7532
0    197  9   10    0   0      4   -4     8  16    7533
280  227  8   10    0   0      4   -4     8  16    7534
74   348  10  7     1   0      5   -4     8  16    7535
84   348  10  7     1   0      5   -4     8  16    7536
9    197  9   10    1   3      5   -1     8  16    7537
336  363  8   7     0   0      4   -4     8  16    7538
283  377  6   7     -1  0      3   -4     8  16    7539
344  363  8   7     0   0      4   -4     8  16    7540
287  322  7   9     0   0      4   -4     8  16    7541
28   377  7   7     -1  0      3   -4     8  16    7542
84   257  7   10    -1  3      3   -1     8  16    7543
124  391  5   5     -2  -3     2   -7     8  16    7544
288  227  8   10    0   3      4   -1     8  16    7545
18   197  9   10    0   0      4   -4     8  16    7546
44   384  4   7     -2  0      2   -4     8  16    7547
48   384  4   7     -2  0      2   -4     8  16    7548
296  227  8   10    0   3      4   -1     8  16    7549
352  363  8   7     0   0      4   -4     8  16    7550
63   356  9   7     0   0      4   -4     8  16    7551
49   57   7   13    -1  3      3   -1     8  16    7552
80   44   8   13    0   3      4   -1     8  16    7553
10   70   5   13    -2  3      2   -1     8  16    7554
27   197  9   10    0   3      4   -1     8  16    7555
56   57   7   13    -1  3      3   -1     8  16    7556
390  0    4   13    -2  3      2   -1     8  16    7557
36   197  9   10    0   3      4   -1     8  16    7558
91   257  7   10    -1  3      3   -1     8  16    7559
98   257  7   10    -1  3      3   -1     8  16    7560
57   267  6   10    -1  3      3   -1     8  16    7561
105  257  7   10    -1  3      3   -1     8  16    7562
63   57   7   13    0   3      4   -1     8  16    7563
304  227  8   10    0   3      4   -1     8  16    7564
312  227  8   10    0   3      4   -1     8  16    7565
112  257  7   10    -1  3      3   -1     8  16    7566
20   187  10  10    0   3      4   -1     8  16    7567
45   197  9   10    0   3      4   -1     8  16    7568
370  17   9   13    0   3      4   -1     8  16    7569
54   197  9   10    0   3      4   -1     8  16    7570
320  227  8   10    -1  3      3   -1     8  16    7571
63   267  6   10    -1  3      3   -1     8  16    7572
30   187  10  10    0   3      4   -1     8  16    7573
15   70   4   13    -3  3      1   -1     8  16    7574
119  257  7   10    -1  3      3   -1     8  16    7575
363  57   6   13    -1  3      3   -1     8  16    7576
63   197  9   10    0   3      4   -1     8  16    7577
328  227  8   10    0   3      4   -1     8  16    7578
129  391  5   5     -2  -3     2   -7     8  16    7579
134  391  5   5     -2  -3     2   -7     8  16    7580
139  391  5   5     -2  -3     2   -7     8  16    7581
289  377  6   7     -1  -3     3   -7     8  16    7582
144  391  5   5     -2  -3     2   -7     8  16    7583
52   384  4   7     -2  -3     2   -7     8  16    7584
56   384  4   7     -2  -1     2   -5     8  16    7585
20   384  5   7     -2  -1     2   -5     8  16    7586
25   384  5   7     -2  -3     2   -7     8  16    7587
391  348  3   7     -3  -3     1   -7     8  16    7588
392  384  2   5     -3  -3     1   -7     8  16    7589
238  391  2   5     -3  -3     1   -7     8  16    7590
235  391  3   5     -3  -3     1   -7     8  16    7591
142  331  5   9     -2  -1     2   -5     8  16    7592
166  331  3   9     -3  -1     1   -5     8  16    7593
169  331  3   9     -3  -1     1   -5     8  16    7594
218  391  4   5     -2  -3     2   -7     8  16    7595
360  363  8   7     0   -1     4   -5     8  16    7596
368  363  8   7     0   -1     4   -5     8  16    7597
295  377  6   7     -1  -1     3   -5     8  16    7598
301  377  6   7     -1  -1     3   -5     8  16    7599
149  391  5   5     -2  -3     2   -7     8  16    7600
18   391  6   5     -1  -3     3   -7     8  16    7601
94   331  6   9     -1  -1     3   -5     8  16    7602
30   384  5   7     -2  -1     2   -5     8  16    7603
155  331  4   9     -2  -1     2   -5     8  16    7604
10   348  4   8     -2  -1     2   -5     8  16    7605
24   391  6   5     -1  -3     3   -7     8  16    7606
30   391  6   5     -1  -3     3   -7     8  16    7607
154  391  5   5     -2  -3     2   -7     8  16    7608
159  391  5   5     -2  -3     2   -7     8  16    7609
36   391  6   5     -1  -3     3   -7     8  16    7610
164  391  5   5     -2  -3     2   -7     8  16    7611
307  377  6   7     -1  -1     3   -5     8  16    7612
142  384  6   6     -1  -2     3   -6     8  16    7613
313  377  6   7     -1  -1     3   -5     8  16    7614
35   384  5   7     -2  -3     2   -7     8  16    7615
66   400  6   2     3   -9     3   -13    0  16    7616
72   400  6   2     3   -9     3   -13    0  16    7617
68   403  2   2     1   3      1   -1     0  16    7618
78   400  6   2     3   -9     3   -13    0  16    7619
84   400  6   2     3   -8     3   -12    0  16    7620
90   400  6   2     3   -8     3   -12    0  16    7621
96   400  6   2     3   -8     3   -12    0  16    7622
102  400  6   2     3   -8     3   -12    0  16    7623
108  400  6   2     3   -8     3   -12    0  16    7624
114  400  6   2     3   -8     3   -12    0  16    7625
16   400  2   3     1   3      1   -1     0  16    7626
18   400  2   3     1   -8     1   -12    0  16    7678
212  396  5   3     2   3      2   -1     0  16    7679
18   83   9   12    0   3      4   -1     8  16    7680
336  227  8   10    0   3      4   -1     8  16    7681
138  165  7   11    -1  0      3   -4     8  16    7682
126  257  7   10    -1  0      3   -4     8  16    7683
145  165  7   11    -1  2      3   -2     8  16    7684
273  119  7   12    -1  2      3   -2     8  16    7685
152  165  7   11    -1  2      3   -2     8  16    7686
280  119  7   12    -1  2      3   -2     8  16    7687
310  0    8   15    0   3      4   -1     8  16    7688
88   44   8   13    0   3      4   -1     8  16    7689
159  165  7   11    -1  0      3   -4     8  16    7690
344  227  8   10    0   0      4   -4     8  16    7691
166  165  7   11    -1  2      3   -2     8  16    7692
56   107  8   12    0   2      4   -2     8  16    7693
173  165  7   11    -1  2      3   -2     8  16    7694
64   107  8   12    0   2      4   -2     8  16    7695
287  119  7   12    -1  3      3   -1     8  16    7696
96   44   8   13    0   3      4   -1     8  16    7697
294  119  7   12    -1  3      3   -1     8  16    7698
104  44   8   13    0   3      4   -1     8  16    7699
301  119  7   12    -1  0      3   -4     8  16    7700
152  154  8   11    0   0      4   -4     8  16    7701
308  119  7   12    -1  0      3   -4     8  16    7702
160  154  8   11    0   0      4   -4     8  16    7703
315  119  7   12    -1  3      3   -1     8  16    7704
352  227  8   10    0   3      4   -1     8  16    7705
322  119  7   12    -1  3      3   -1     8  16    7706
360  227  8   10    0   3      4   -1     8  16    7707
318  0    7   15    -1  3      3   -1     8  16    7708
112  44   8   13    0   3      4   -1     8  16    7709
180  165  7   11    -1  0      3   -4     8  16    7710
168  154  8   11    0   0      4   -4     8  16    7711
176  154  8   11    0   0      4   -4     8  16    7712
72   107  8   12    0   3      4   -1     8  16    7713
187  165  7   11    -1  0      3   -4     8  16    7714
194  165  7   11    -1  0      3   -4     8  16    7715
201  165  7   11    -1  2      3   -2     8  16    7716
329  119  7   12    -1  2      3   -2     8  16    7717
208  165  7   11    -1  0      3   -4     8  16    7718
336  119  7   12    -1  0      3   -4     8  16    7719
80   107  8   12    0   3      4   -1     8  16    7720
70   57   7   13    -1  3      3   -1     8  16    7721
343  119  7   12    -1  3      3   -1     8  16    7722
77   57   7   13    -1  3      3   -1     8  16    7723
141  131  6   12    -1  3      3   -1     8  16    7724
120  44   8   13    0   3      4   -1     8  16    7725
369  57   6   13    -1  0      3   -4     8  16    7726
184  154  8   11    0   0      4   -4     8  16    7727
88   107  8   12    -1  0      3   -4     8  16    7728
350  119  7   12    -1  0      3   -4     8  16    7729
192  154  8   11    -1  2      3   -2     8  16    7730
357  119  7   12    -1  2      3   -2     8  16    7731
200  154  8   11    -1  2      3   -2     8  16    7732
364  119  7   12    -1  2      3   -2     8  16    7733
215  165  7   11    -1  2      3   -2     8  16    7734
84   57   7   13    -1  2      3   -2     8  16    7735
91   57   7   13    -1  2      3   -2     8  16    7736
128  44   8   13    0   2      4   -2     8  16    7737
222  165  7   11    -1  2      3   -2     8  16    7738
98   57   7   13    -1  2      3   -2     8  16    7739
371  119  7   12    -1  3      3   -1     8  16    7740
383  0    7   14    -1  3      3   -1     8  16    7741
96   107  8   12    0   0      4   -4     8  16    7742
368  227  8   10    0   0      4   -4     8  16    7743
208  154  8   11    0   0      4   -4     8  16    7744
168  313  8   9     0   0      4   -4     8  16    7745
216  154  8   11    0   2      4   -2     8  16    7746
176  313  8   9     0   2      4   -2     8  16    7747
229  165  7   11    -1  0      3   -4     8  16    7748
133  257  7   10    -1  0      3   -4     8  16    7749
236  165  7   11    -1  2      3   -2     8  16    7750
294  322  7   9     -1  2      3   -2     8  16    7751
243  165  7   11    -1  2      3   -2     8  16    7752
301  322  7   9     -1  2      3   -2     8  16    7753
378  119  7   12    -1  3      3   -1     8  16    7754
140  257  7   10    -1  3      3   -1     8  16    7755
104  107  8   12    0   0      4   -4     8  16    7756
112  107  8   12    0   0      4   -4     8  16    7757
136  44   8   13    0   0      4   -4     8  16    7758
224  154  8   11    0   0      4   -4     8  16    7759
120  107  8   12    0   0      4   -4     8  16    7760
128  107  8   12    0   0      4   -4     8  16    7761
136  107  8   12    0   0      4   -4     8  16    7762
144  107  8   12    0   0      4   -4     8  16    7763
385  119  7   12    -1  0      3   -4     8  16    7764
105  57   7   13    -1  3      3   -1     8  16    7765
250  165  7   11    -1  0      3   -4     8  16    7766
0    131  7   12    -1  3      3   -1     8  16    7767
232  154  8   11    -1  0      3   -4     8  16    7768
308  322  7   9     -1  0      3   -4     8  16    7769
240  154  8   11    -1  2      3   -2     8  16    7770
315  322  7   9     -1  2      3   -2     8  16    7771
144  44   8   13    -1  2      3   -2     8  16    7772
257  165  7   11    -1  2      3   -2     8  16    7773
248  154  8   11    -1  2      3   -2     8  16    7774
184  313  8   9     0   2      4   -2     8  16    7775
256  154  8   11    0   0      4   -4     8  16    7776
322  322  7   9     -1  0      3   -4     8  16    7777
264  154  8   11    0   2      4   -2     8  16    7778
329  322  7   9     -1  2      3   -2     8  16    7779
152  107  8   12    0   0      4   -4     8  16    7780
147  257  7   10    -1  0      3   -4     8  16    7781
152  44   8   13    0   0      4   -4     8  16    7782
264  165  7   11    -1  0      3   -4     8  16    7783
160  44   8   13    0   2      4   -2     8  16    7784
271  165  7   11    -1  2      3   -2     8  16    7785
272  154  8   11    0   0      4   -4     8  16    7786
371  165  6   11    -1  0      3   -4     8  16    7787
280  154  8   11    0   2      4   -2     8  16    7788
377  165  6   11    -1  2      3   -2     8  16    7789
288  154  8   11    0   2      4   -2     8  16    7790
383  165  6   11    -1  2      3   -2     8  16    7791
160  107  8   12    0   3      4   -1     8  16    7792
147  131  6   12    -1  3      3   -1     8  16    7793
296  154  8   11    0   2      4   -2     8  16    7794
336  322  7   9     -1  2      3   -2     8  16    7795
168  107  8   12    0   3      4   -1     8  16    7796
154  257  7   10    -1  3      3   -1     8  16    7797
176  107  8   12    0   3      4   -1     8  16    7798
161  257  7   10    -1  3      3   -1     8  16    7799
184  107  8   12    0   0      4   -4     8  16    7800
7    131  7   12    -1  0      3   -4     8  16    7801
168  44   8   13    0   0      4   -4     8  16    7802
14   131  7   12    -1  0      3   -4     8  16    7803
27   83   9   12    0   0      4   -4     8  16    7804
376  227  8   10    0   0      4   -4     8  16    7805
63   143  9   11    0   2      4   -2     8  16    7806
192  313  8   9     0   2      4   -2     8  16    7807
36   83   9   12    0   0      4   -4     8  16    7808
72   197  9   10    0   0      4   -4     8  16    7809
45   83   9   12    0   0      4   -4     8  16    7810
81   197  9   10    0   0      4   -4     8  16    7811
72   143  9   11    0   0      4   -4     8  16    7812
144  286  9   9     0   0      4   -4     8  16    7813
81   143  9   11    0   0      4   -4     8  16    7814
153  286  9   9     0   0      4   -4     8  16    7815
90   143  9   11    0   2      4   -2     8  16    7816
162  286  9   9     0   2      4   -2     8  16    7817
99   143  9   11    0   0      4   -4     8  16    7818
200  313  8   9     0   0      4   -4     8  16    7819
108  143  9   11    0   0      4   -4     8  16    7820
208  313  8   9     0   0      4   -4     8  16    7821
117  143  9   11    0   0      4   -4     8  16    7822
192  107  8   12    0   3      4   -1     8  16    7823
200  107  8   12    0   0      4   -4     8  16    7824
168  257  7   10    -1  0      3   -4     8  16    7825
304  154  8   11    0   2      4   -2     8  16    7826
343  322  7   9     -1  2      3   -2     8  16    7827
312  154  8   11    0   2      4   -2     8  16    7828
350  322  7   9     -1  2      3   -2     8  16    7829
21   131  7   12    -1  2      3   -2     8  16    7830
0    176  6   11    -1  0      3   -4     8  16    7831
126  143  9   11    0   0      4   -4     8  16    7832
360  0    8   14    0   3      4   -1     8  16    7833
320  154  8   11    0   0      4   -4     8  16    7834
6    176  6   11    -2  0      2   -4     8  16    7835
357  322  7   9     -1  0      3   -4     8  16    7838
135  143  9   11    0   2      4   -2     8  16    7840
216  313  8   9     0   2      4   -2     8  16    7841
54   83   9   12    0   0      4   -4     8  16    7842
384  227  8   10    0   0      4   -4     8  16    7843
379  17   9   13    0   0      4   -4     8  16    7844
0    237  8   10    0   0      4   -4     8  16    7845
0    31   9   13    0   0      4   -4     8  16    7846
8    237  8   10    0   0      4   -4     8  16    7847
9    31   9   13    0   0      4   -4     8  16    7848
328  154  8   11    0   0      4   -4     8  16    7849
18   31   9   13    0   0      4   -4     8  16    7850
208  107  8   12    0   0      4   -4     8  16    7851
334  0    9   14    0   2      4   -2     8  16    7852
216  107  8   12    0   2      4   -2     8  16    7853
27   31   9   13    0   0      4   -4     8  16    7854
224  107  8   12    0   0      4   -4     8  16    7855
36   31   9   13    0   0      4   -4     8  16    7856
232  107  8   12    0   0      4   -4     8  16    7857
45   31   9   13    0   0      4   -4     8  16    7858
240  107  8   12    0   0      4   -4     8  16    7859
54   31   9   13    0   0      4   -4     8  16    7860
248  107  8   12    0   0      4   -4     8  16    7861
343  0    9   14    0   2      4   -2     8  16    7862
256  107  8   12    0   2      4   -2     8  16    7863
278  165  7   11    -1  2      3   -2     8  16    7864
224  313  8   9     0   2      4   -2     8  16    7865
28   131  7   12    -1  0      3   -4     8  16    7866
16   237  8   10    0   0      4   -4     8  16    7867
35   131  7   12    -1  0      3   -4     8  16    7868
24   237  8   10    0   0      4   -4     8  16    7869
112  57   7   13    -1  0      3   -4     8  16    7870
32   237  8   10    0   0      4   -4     8  16    7871
176  44   8   13    0   0      4   -4     8  16    7872
40   237  8   10    0   0      4   -4     8  16    7873
119  57   7   13    -1  0      3   -4     8  16    7874
336  154  8   11    0   0      4   -4     8  16    7875
126  57   7   13    -1  0      3   -4     8  16    7876
264  107  8   12    0   0      4   -4     8  16    7877
0    17   7   14    -1  2      3   -2     8  16    7878
272  107  8   12    0   2      4   -2     8  16    7879
153  131  6   12    -1  0      3   -4     8  16    7880
48   237  8   10    0   0      4   -4     8  16    7881
12   176  6   11    -1  2      3   -2     8  16    7882
280  107  8   12    0   2      4   -2     8  16    7883
344  154  8   11    0   2      4   -2     8  16    7884
232  313  8   9     0   2      4   -2     8  16    7885
288  107  8   12    0   0      4   -4     8  16    7886
56   237  8   10    0   0      4   -4     8  16    7887
184  44   8   13    0   0      4   -4     8  16    7888
64   237  8   10    0   0      4   -4     8  16    7889
192  44   8   13    0   0      4   -4     8  16    7890
72   237  8   10    0   0      4   -4     8  16    7891
200  44   8   13    0   0      4   -4     8  16    7892
352  154  8   11    0   0      4   -4     8  16    7893
208  44   8   13    0   0      4   -4     8  16    7894
296  107  8   12    0   0      4   -4     8  16    7895
368  0    8   14    0   2      4   -2     8  16    7896
304  107  8   12    0   2      4   -2     8  16    7897
63   83   9   12    0   0      4   -4     8  16    7898
90   197  9   10    0   0      4   -4     8  16    7899
72   83   9   12    0   0      4   -4     8  16    7900
99   197  9   10    0   0      4   -4     8  16    7901
81   83   9   12    0   0      4   -4     8  16    7902
108  197  9   10    0   0      4   -4     8  16    7903
90   83   9   12    0   0      4   -4     8  16    7904
117  197  9   10    0   0      4   -4     8  16    7905
144  143  9   11    0   2      4   -2     8  16    7906
171  286  9   9     0   2      4   -2     8  16    7907
360  154  8   11    0   2      4   -2     8  16    7908
364  322  7   9     -1  2      3   -2     8  16    7909
312  107  8   12    0   0      4   -4     8  16    7910
175  257  7   10    -1  0      3   -4     8  16    7911
99   83   9   12    0   0      4   -4     8  16    7912
80   237  8   10    -1  0      3   -4     8  16    7913
108  83   9   12    0   0      4   -4     8  16    7914
88   237  8   10    -1  0      3   -4     8  16    7915
117  83   9   12    0   0      4   -4     8  16    7916
96   237  8   10    -1  0      3   -4     8  16    7917
126  83   9   12    0   0      4   -4     8  16    7918
104  237  8   10    -1  0      3   -4     8  16    7919
153  143  9   11    0   2      4   -2     8  16    7920
240  313  8   9     -1  2      3   -2     8  16    7921
135  83   9   12    0   0      4   -4     8  16    7922
216  44   8   13    0   3      4   -1     8  16    7923
162  143  9   11    0   2      4   -2     8  16    7924
112  237  8   10    0   3      4   -1     8  16    7925
144  83   9   12    0   0      4   -4     8  16    7926
224  44   8   13    0   3      4   -1     8  16    7927
153  83   9   12    0   0      4   -4     8  16    7928
232  44   8   13    0   3      4   -1     8  16    7929
120  237  8   10    0   0      4   -4     8  16    7936
128  237  8   10    0   0      4   -4     8  16    7937
136  237  8   10    0   0      4   -4     8  16    7938
144  237  8   10    0   0      4   -4     8  16    7939
152  237  8   10    0   0      4   -4     8  16    7940
160  237  8   10    0   0      4   -4     8  16    7941
240  44   8   13    0   0      4   -4     8  16    7942
248  44   8   13    0   0      4   -4     8  16    7943
126  197  9   10    0   0      4   -4     8  16    7944
135  197  9   10    0   0      4   -4     8  16    7945
220  176  11  10    2   0      6   -4     8  16    7946
231  176  11  10    2   0      6   -4     8  16    7947
242  176  11  10    2   0      6   -4     8  16    7948
253  176  11  10    2   0      6   -4     8  16    7949
168  17   11  13    2   0      6   -4     8  16    7950
179  17   11  13    2   0      6   -4     8  16    7951
182  257  7   10    -1  0      3   -4     8  16    7952
189  257  7   10    -1  0      3   -4     8  16    7953
196  257  7   10    -1  0      3   -4     8  16    7954
203  257  7   10    -1  0      3   -4     8  16    7955
210  257  7   10    -1  0      3   -4     8  16    7956
217  257  7   10    -1  0      3   -4     8  16    7957
40   187  10  10    2   0      6   -4     8  16    7960
50   187  10  10    0   0      4   -4     8  16    7961
76   176  12  10    4   0      8   -4     8  16    7962
88   176  12  10    4   0      8   -4     8  16    7963
100  176  12  10    4   0      8   -4     8  16    7964
112  176  12  10    4   0      8   -4     8  16    7965
133  57   7   13    -1  3      3   -1     8  16    7968
140  57   7   13    -1  3      3   -1     8  16    7969
147  57   7   13    -1  3      3   -1     8  16    7970
154  57   7   13    -1  3      3   -1     8  16    7971
161  57   7   13    -1  3      3   -1     8  16    7972
168  57   7   13    -1  3      3   -1     8  16    7973
181  0    7   16    -1  3      3   -1     8  16    7974
188  0    7   16    -1  3      3   -1     8  16    7975
60   187  10  10    2   0      6   -4     8  16    7976
70   187  10  10    2   0      6   -4     8  16    7977
124  176  12  10    4   0      8   -4     8  16    7978
136  176  12  10    4   0      8   -4     8  16    7979
148  176  12  10    4   0      8   -4     8  16    7980
160  176  12  10    4   0      8   -4     8  16    7981
35   17   13  13    5   0      9   -4     8  16    7982
48   17   13  13    5   0      9   -4     8  16    7983
224  257  7   10    -1  0      3   -4     8  16    7984
231  257  7   10    -1  0      3   -4     8  16    7985
238  257  7   10    -1  0      3   -4     8  16    7986
245  257  7   10    -1  0      3   -4     8  16    7987
252  257  7   10    -1  0      3   -4     8  16    7988
259  257  7   10    -1  0      3   -4     8  16    7989
175  57   7   13    -1  0      3   -4     8  16    7990
182  57   7   13    -1  0      3   -4     8  16    7991
144  197  9   10    2   0      6   -4     8  16    7992
153  197  9   10    2   0      6   -4     8  16    7993
264  176  11  10    4   0      8   -4     8  16    7994
275  176  11  10    4   0      8   -4     8  16    7995
286  176  11  10    4   0      8   -4     8  16    7996
297  176  11  10    4   0      8   -4     8  16    7997
61   17   12  13    5   0      9   -4     8  16    7998
73   17   12  13    5   0      9   -4     8  16    7999
168  237  8   10    0   0      4   -4     8  16    8000
176  237  8   10    0   0      4   -4     8  16    8001
184  237  8   10    0   0      4   -4     8  16    8002
192  237  8   10    0   0      4   -4     8  16    8003
200  237  8   10    0   0      4   -4     8  16    8004
208  237  8   10    0   0      4   -4     8  16    8005
162  197  9   10    1   0      5   -4     8  16    8008
171  197  9   10    1   0      5   -4     8  16    8009
172  176  12  10    4   0      8   -4     8  16    8010
184  176  12  10    4   0      8   -4     8  16    8011
308  176  11  10    3   0      7   -4     8  16    8012
319  176  11  10    3   0      7   -4     8  16    8013
266  257  7   10    -1  0      3   -4     8  16    8016
273  257  7   10    -1  0      3   -4     8  16    8017
280  257  7   10    -1  0      3   -4     8  16    8018
287  257  7   10    -1  0      3   -4     8  16    8019
294  257  7   10    -1  0      3   -4     8  16    8020
301  257  7   10    -1  0      3   -4     8  16    8021
189  57   7   13    -1  0      3   -4     8  16    8022
196  57   7   13    -1  0      3   -4     8  16    8023
330  176  11  10    2   0      6   -4     8  16    8025
51   176  13  10    4   0      8   -4     8  16    8027
24   176  14  10    5   0      9   -4     8  16    8029
21   17   14  13    5   0      9   -4     8  16    8031
180  197  9   10    0   0      4   -4     8  16    8032
189  197  9   10    0   0      4   -4     8  16    8033
198  197  9   10    0   0      4   -4     8  16    8034
207  197  9   10    0   0      4   -4     8  16    8035
216  197  9   10    0   0      4   -4     8  16    8036
225  197  9   10    0   0      4   -4     8  16    8037
63   31   9   13    0   0      4   -4     8  16    8038
72   31   9   13    0   0      4   -4     8  16    8039
234  197  9   10    1   0      5   -4     8  16    8040
243  197  9   10    1   0      5   -4     8  16    8041
196  176  12  10    4   0      8   -4     8  16    8042
208  176  12  10    4   0      8   -4     8  16    8043
341  176  11  10    3   0      7   -4     8  16    8044
352  176  11  10    3   0      7   -4     8  16    8045
190  17   11  13    3   0      7   -4     8  16    8046
201  17   11  13    3   0      7   -4     8  16    8047
216  237  8   10    0   0      4   -4     8  16    8048
224  237  8   10    0   0      4   -4     8  16    8049
308  257  7   10    -1  0      3   -4     8  16    8050
315  257  7   10    -1  0      3   -4     8  16    8051
203  57   7   13    -1  3      3   -1     8  16    8052
210  57   7   13    -1  3      3   -1     8  16    8053
322  257  7   10    -1  0      3   -4     8  16    8054
329  257  7   10    -1  0      3   -4     8  16    8055
232  237  8   10    0   0      4   -4     8  16    8056
240  237  8   10    0   0      4   -4     8  16    8057
336  257  7   10    -1  0      3   -4     8  16    8058
343  257  7   10    -1  0      3   -4     8  16    8059
252  197  9   10    0   0      4   -4     8  16    8060
261  197  9   10    0   0      4   -4     8  16    8061
256  44   8   13    0   3      4   -1     8  16    8064
264  44   8   13    0   3      4   -1     8  16    8065
272  44   8   13    0   3      4   -1     8  16    8066
280  44   8   13    0   3      4   -1     8  16    8067
288  44   8   13    0   3      4   -1     8  16    8068
296  44   8   13    0   3      4   -1     8  16    8069
157  0    8   16    0   3      4   -1     8  16    8070
165  0    8   16    0   3      4   -1     8  16    8071
81   31   9   13    0   3      4   -1     8  16    8072
90   31   9   13    0   3      4   -1     8  16    8073
212  17   11  13    2   3      6   -1     8  16    8074
223  17   11  13    2   3      6   -1     8  16    8075
234  17   11  13    2   3      6   -1     8  16    8076
245  17   11  13    2   3      6   -1     8  16    8077
28   0    11  16    2   3      6   -1     8  16    8078
39   0    11  16    2   3      6   -1     8  16    8079
217  57   7   13    -1  3      3   -1     8  16    8080
224  57   7   13    -1  3      3   -1     8  16    8081
231  57   7   13    -1  3      3   -1     8  16    8082
238  57   7   13    -1  3      3   -1     8  16    8083
245  57   7   13    -1  3      3   -1     8  16    8084
252  57   7   13    -1  3      3   -1     8  16    8085
195  0    7   16    -1  3      3   -1     8  16    8086
202  0    7   16    -1  3      3   -1     8  16    8087
278  17   10  13    2   3      6   -1     8  16    8088
288  17   10  13    2   3      6   -1     8  16    8089
85   17   12  13    4   3      8   -1     8  16    8090
97   17   12  13    4   3      8   -1     8  16    8091
109  17   12  13    4   3      8   -1     8  16    8092
121  17   12  13    4   3      8   -1     8  16    8093
2    0    13  16    5   3      9   -1     8  16    8094
15   0    13  16    5   3      9   -1     8  16    8095
99   31   9   13    0   3      4   -1     8  16    8096
108  31   9   13    0   3      4   -1     8  16    8097
117  31   9   13    0   3      4   -1     8  16    8098
126  31   9   13    0   3      4   -1     8  16    8099
135  31   9   13    0   3      4   -1     8  16    8100
144  31   9   13    0   3      4   -1     8  16    8101
112  0    9   16    0   3      4   -1     8  16    8102
121  0    9   16    0   3      4   -1     8  16    8103
153  31   9   13    1   3      5   -1     8  16    8104
162  31   9   13    1   3      5   -1     8  16    8105
133  17   12  13    4   3      8   -1     8  16    8106
145  17   12  13    4   3      8   -1     8  16    8107
256  17   11  13    3   3      7   -1     8  16    8108
267  17   11  13    3   3      7   -1     8  16    8109
50   0    11  16    3   3      7   -1     8  16    8110
61   0    11  16    3   3      7   -1     8  16    8111
248  237  8   10    0   0      4   -4     8  16    8112
248  313  8   9     0   0      4   -4     8  16    8113
304  44   8   13    0   3      4   -1     8  16    8114
256  237  8   10    0   3      4   -1     8  16    8115
312  44   8   13    0   3      4   -1     8  16    8116
264  237  8   10    0   0      4   -4     8  16    8118
320  44   8   13    0   3      4   -1     8  16    8119
162  83   9   12    0   0      4   -4     8  16    8120
171  143  9   11    0   0      4   -4     8  16    8121
180  143  9   11    0   0      4   -4     8  16    8122
270  197  9   10    0   0      4   -4     8  16    8123
171  83   9   12    0   3      4   -1     8  16    8124
45   403  3   2     -1  -8     3   -12    8  16    8125
48   403  3   2     -1  3      3   -1     8  16    8126
51   403  3   2     -1  -8     3   -12    8  16    8127
120  400  6   2     1   -8     5   -12    8  16    8128
217  396  5   3     0   -9     4   -13    8  16    8129
259  57   7   13    -1  3      3   -1     8  16    8130
350  257  7   10    -1  3      3   -1     8  16    8131
266  57   7   13    -1  3      3   -1     8  16    8132
273  57   7   13    -1  3      3   -1     8  16    8134
280  57   7   13    -1  3      3   -1     8  16    8135
241  131  10  11    2   0      6   -4     8  16    8136
80   187  10  10    2   0      6   -4     8  16    8137
251  131  10  11    2   0      6   -4     8  16    8138
90   187  10  10    2   0      6   -4     8  16    8139
42   131  7   12    -1  3      3   -1     8  16    8140
213  400  5   2     0   -8     4   -12    8  16    8141
218  400  5   2     0   -8     4   -12    8  16    8142
42   391  6   5     1   -8     5   -12    8  16    8143
357  257  7   10    -1  0      3   -4     8  16    8144
371  322  7   9     -1  0      3   -4     8  16    8145
49   131  7   12    -1  0      3   -4     8  16    8146
285  165  7   11    -1  0      3   -4     8  16    8147
364  257  7   10    -1  0      3   -4     8  16    8150
292  165  7   11    -1  0      3   -4     8  16    8151
159  131  6   12    -1  0      3   -4     8  16    8152
18   176  6   11    -1  0      3   -4     8  16    8153
189  143  9   11    2   0      6   -4     8  16    8154
272  237  8   10    1   0      5   -4     8  16    8155
223  400  5   2     0   -8     4   -12    8  16    8157
228  400  5   2     0   -8     4   -12    8  16    8158
48   391  6   5     1   -8     5   -12    8  16    8159
371  257  7   10    -1  0      3   -4     8  16    8160
378  322  7   9     -1  0      3   -4     8  16    8161
56   131  7   12    -1  0      3   -4     8  16    8162
299  165  7   11    -1  0      3   -4     8  16    8163
287  57   7   13    -1  3      3   -1     8  16    8164
294  57   7   13    -1  3      3   -1     8  16    8165
378  257  7   10    -1  0      3   -4     8  16    8166
306  165  7   11    -1  0      3   -4     8  16    8167
180  83   9   12    0   0      4   -4     8  16    8168
198  143  9   11    0   0      4   -4     8  16    8169
209  131  12  11    3   0      7   -4     8  16    8170
363  176  11  10    2   0      6   -4     8  16    8171
100  187  10  10    2   0      6   -4     8  16    8172
126  400  6   2     1   -9     5   -13    8  16    8173
132  400  6   2     1   -9     5   -13    8  16    8174
54   403  3   2     -1  -9     3   -13    8  16    8175
171  31   9   13    0   3      4   -1     8  16    8178
279  197  9   10    0   3      4   -1     8  16    8179
180  31   9   13    0   3      4   -1     8  16    8180
288  197  9   10    0   0      4   -4     8  16    8182
189  31   9   13    0   3      4   -1     8  16    8183
261  131  10  11    2   0      6   -4     8  16    8184
297  197  9   10    1   0      5   -4     8  16    8185
271  131  10  11    2   0      6   -4     8  16    8186
306  197  9   10    1   0      5   -4     8  16    8187
320  107  8   12    0   3      4   -1     8  16    8188
57   403  3   2     -1  -8     3   -12    8  16    8189
70   403  2   2     -1  -8     3   -12    8  16    8190
394  0    0   0     0   0      4   -4     8  16    8199
392  119  2   11    1   2      1   -2     0  16    8204
389  107  4   12    2   2      2   -2     0  16    8205
165  131  4   12    1   2      1   -2     0  16    8206
169  131  4   12    3   2      3   -2     0  16    8207
233  400  5   2     -2  -2     2   -6     8  16    8208
230  16   7   1     -1  -3     3   -7     8  16    8210
223  16   7   1     -1  -3     3   -7     8  16    8211
50   16   10  1     1   -3     5   -7     8  16    8212
39   16   10  1     1   -3     5   -7     8  16    8213
162  396  10  3     1   4      5   0      8  16    8215
87   396  4   4     -2  -6     2   -10    8  16    8216
91   396  4   4     -2  -6     2   -10    8  16    8217
95   396  4   4     -2  2      2   -2     8  16    8218
99   396  4   4     -2  -6     2   -10    8  16    8219
323  391  7   4     -1  -6     3   -10    8  16    8220
330  391  7   4     -1  -6     3   -10    8  16    8221
337  391  7   4     -1  2      3   -2     8  16    8222
344  391  7   4     -1  -6     3   -10    8  16    8223
313  165  7   11    -1  1      3   -3     8  16    8224
320  165  7   11    -1  1      3   -3     8  16    8225
16   396  5   4     -2  -3     2   -7     8  16    8226
286  15   8   2     0   0      4   -4     8  16    8230
99   267  4   10    1   2      1   -2     0  16    8234
103  267  4   10    3   2      3   -2     0  16    8235
173  131  4   12    2   2      2   -2     0  16    8236
177  131  4   12    2   2      2   -2     0  16    8237
181  131  4   12    2   2      2   -2     0  16    8238
180  286  9   9     0   0      4   -4     8  16    8240
122  396  2   4     -3  -6     1   -10    8  16    8242
388  391  6   4     -1  -6     3   -10    8  16    8243
351  391  7   4     -1  -6     3   -10    8  16    8244
222  391  4   5     -2  -1     2   -5     8  16    8249
169  391  5   5     -2  -1     2   -5     8  16    8250
100  331  6   9     -1  0      3   -4     8  16    8252
28   16   10  1     1   -9     5   -13    8  16    8254
106  331  6   9     -1  0      3   -4     8  16    8260
391  187  2   10    -3  0      1   -4     8  16    8286
185  131  4   12    2   2      2   -2     0  16    8298
189  131  4   12    2   2      2   -2     0  16    8299
193  131  4   12    2   2      2   -2     0  16    8300
197  131  4   12    2   2      2   -2     0  16    8301
201  131  4   12    2   2      2   -2     0  16    8302
205  131  4   12    2   2      2   -2     0  16    8303
174  391  5   5     -2  -4     2   -8     8  16    8308
179  391  5   5     -2  -4     2   -8     8  16    8309
184  391  5   5     -2  -4     2   -8     8  16    8310
189  391  5   5     -2  -4     2   -8     8  16    8311
194  391  5   5     -2  -4     2   -8     8  16    8312
199  391  5   5     -2  -4     2   -8     8  16    8313
204  391  5   5     -2  -4     2   -8     8  16    8319
21   396  5   4     -2  0      2   -4     8  16    8320
26   396  5   4     -2  0      2   -4     8  16    8321
31   396  5   4     -2  0      2   -4     8  16    8322
36   396  5   4     -2  0      2   -4     8  16    8323
41   396  5   4     -2  0      2   -4     8  16    8324
46   396  5   4     -2  0      2   -4     8  16    8325
51   396  5   4     -2  0      2   -4     8  16    8326
56   396  5   4     -2  0      2   -4     8  16    8327
61   396  5   4     -2  0      2   -4     8  16    8328
66   396  5   4     -2  0      2   -4     8  16    8329
54   391  6   5     -1  1      3   -3     8  16    8336
60   391  6   5     -1  1      3   -3     8  16    8337
66   391  6   5     -1  1      3   -3     8  16    8338
72   391  6   5     -1  1      3   -3     8  16    8339
78   391  6   5     -1  1      3   -3     8  16    8340
280  237  8   10    0   0      4   -4     8  16    8352
368  154  8   11    0   1      4   -3     8  16    8353
256  313  8   9     0   0      4   -4     8  16    8354
264  313  8   9     0   0      4   -4     8  16    8355
272  313  8   9     0   0      4   -4     8  16    8356
288  237  8   10    0   1      4   -3     8  16    8357
189  286  9   9     0   0      4   -4     8  16    8358
198  286  9   9     0   0      4   -4     8  16    8359
207  286  9   9     0   0      4   -4     8  16    8360
216  286  9   9     0   0      4   -4     8  16    8361
228  331  9   8     0   0      4   -4     8  16    8362
189  83   9   12    0   2      4   -2     8  16    8363
280  313  8   9     0   0      4   -4     8  16    8364
225  286  9   9     0   0      4   -4     8  16    8365
288  313  8   9     0   0      4   -4     8  16    8366
207  143  9   11    0   2      4   -2     8  16    8367
328  44   8   13    0   3      4   -1     8  16    8368
234  286  9   9     0   0      4   -4     8  16    8369
376  154  8   11    0   1      4   -3     8  16    8370
243  286  9   9     0   0      4   -4     8  16    8371
252  286  9   9     0   0      4   -4     8  16    8372
328  107  8   12    0   2      4   -2     8  16    8373
198  31   9   13    0   2      4   -2     8  16    8383
148  384  6   6     3   -6     3   -10    0  16    8432
261  286  9   9     0   0      4   -4     8  16    8453
69   267  6   10    -1  0      3   -4     8  16    8467
270  286  9   9     0   0      4   -4     8  16    8470
315  197  9   10    0   0      4   -4     8  16    8471
240  391  9   4     0   -6     4   -10    8  16    8482
296  313  8   9     0   0      4   -4     8  16    8486
376  363  8   7     0   0      4   -4     8  16    8494
279  286  9   9     0   0      4   -4     8  16    8525
319  377  6   7     -1  0      3   -4     8  16    8526
288  286  9   9     0   0      4   -4     8  16    8531
201  267  10  9     1   0      5   -4     8  16    8532
297  286  9   9     0   0      4   -4     8  16    8539
306  286  9   9     0   0      4   -4     8  16    8540
315  286  9   9     0   0      4   -4     8  16    8541
324  286  9   9     0   0      4   -4     8  16    8542
35   377  7   7     -1  0      3   -4     8  16    8580
343  14   9   3     0   -1     4   -5     8  16    8592
14   348  4   8     -2  0      2   -4     8  16    8593
334  14   9   3     0   -1     4   -5     8  16    8594
18   348  4   8     -2  0      2   -4     8  16    8595
325  14   9   3     0   -1     4   -5     8  16    8596
22   348  4   8     -2  0      2   -4     8  16    8597
159  331  4   9     -2  1      2   -3     8  16    8616
249  391  9   4     0   -1     4   -5     8  16    8660
296  237  8   10    0   0      4   -4     8  16    8706
333  286  9   9     0   0      4   -4     8  16    8710
336  107  8   12    0   3      4   -1     8  16    8719
198  83   9   12    0   3      4   -1     8  16    8721
173  16   8   1     0   -4     4   -8     8  16    8722
112  331  6   9     -1  0      3   -4     8  16    8725
72   403  2   2     -3  -4     1   -8     8  16    8729
384  154  8   11    0   0      4   -4     8  16    8730
85   384  9   6     0   -1     4   -5     8  16    8734
237  331  9   8     0   0      4   -4     8  16    8735
42   377  7   7     -1  0      3   -4     8  16    8745
375  57   6   13    -1  3      3   -1     8  16    8747
261  384  8   5     0   -2     4   -6     8  16    8776
112  340  8   8     0   0      4   -4     8  16    8800
269  384  8   5     0   -2     4   -6     8  16    8801
0    165  8   11    0   1      4   -3     8  16    8802
304  313  8   9     0   0      4   -4     8  16    8804
312  313  8   9     0   0      4   -4     8  16    8805
384  363  8   7     0   0      4   -4     8  16    8962
307  391  8   4     0   -1     4   -5     8  16    8976
261  0    5   16    -3  4      1   0      8  16    8992
276  0    4   16    -1  4      3   0      8  16    8993
15   16   10  1     1   -4     5   -8     8  16    9472
284  0    2   16    -3  4      1   0      8  16    9474
118  331  6   9     -3  4      1   0      8  16    9484
124  331  6   9     1   4      5   0      8  16    9488
353  340  6   8     -3  -4     1   -8     8  16    9492
359  340  6   8     1   -4     5   -8     8  16    9496
237  0    6   16    -3  4      1   0      8  16    9500
243  0    6   16    1   4      5   0      8  16    9508
211  267  10  9     1   4      5   0      8  16    9516
172  331  10  8     1   -4     5   -8     8  16    9524
72   0    10  16    1   4      5   0      8  16    9532
172  396  10  3     1   -3     5   -7     8  16    9552
280  0    4   16    -2  4      2   0      8  16    9553
75   267  6   10    -3  4      1   0      8  16    9554
385  322  7   9     -2  4      2   0      8  16    9555
385  257  7   10    -2  4      2   0      8  16    9556
81   267  6   10    1   4      5   0      8  16    9557
0    331  7   9     1   4      5   0      8  16    9558
0    267  7   10    1   4      5   0      8  16    9559
130  331  6   9     -3  -3     1   -7     8  16    9560
293  340  7   8     -2  -4     2   -8     8  16    9561
7    331  7   9     -2  -3     2   -7     8  16    9562
136  331  6   9     1   -3     5   -7     8  16    9563
300  340  7   8     1   -4     5   -8     8  16    9564
14   331  7   9     1   -3     5   -7     8  16    9565
249  0    6   16    -3  4      1   0      8  16    9566
209  0    7   16    -2  4      2   0      8  16    9567
216  0    7   16    -2  4      2   0      8  16    9568
255  0    6   16    1   4      5   0      8  16    9569
223  0    7   16    1   4      5   0      8  16    9570
230  0    7   16    1   4      5   0      8  16    9571
110  187  10  10    1   4      5   0      8  16    9572
221  267  10  9     1   4      5   0      8  16    9573
120  187  10  10    1   4      5   0      8  16    9574
231  267  10  9     1   -3     5   -7     8  16    9575
182  331  10  8     1   -4     5   -8     8  16    9576
241  267  10  9     1   -3     5   -7     8  16    9577
82   0    10  16    1   4      5   0      8  16    9578
92   0    10  16    1   4      5   0      8  16    9579
102  0    10  16    1   4      5   0      8  16    9580
246  331  9   8     0   -4     4   -8     8  16    9600
255  331  9   8     0   4      4   0      8  16    9604
130  0    9   16    0   4      4   0      8  16    9608
266  0    5   16    0   4      4   0      8  16    9612
271  0    5   16    -4  4      0   0      8  16    9616
173  0    8   16    0   4      4   0      8  16    9617
139  0    9   16    0   4      4   0      8  16    9618
148  0    9   16    0   4      4   0      8  16    9619
0    370  8   7     0   -1     4   -5     8  16    9632
264  331  9   8     0   0      4   -4     8  16    9633
326  396  4   3     -2  -3     2   -7     8  16    9642
330  396  4   3     -2  -3     2   -7     8  16    9643
258  391  9   4     0   0      4   -4     8  16    9644
273  331  9   8     0   0      4   -4     8  16    9650
282  331  9   8     0   0      4   -4     8  16    9658
291  331  9   8     0   0      4   -4     8  16    9660
300  331  9   8     0   0      4   -4     8  16    9668
304  237  8   10    0   0      4   -4     8  16    9674
109  384  7   6     -1  -1     3   -5     8  16    9675
8    370  8   7     0   0      4   -4     8  16    9676
116  384  7   6     -1  -1     3   -5     8  16    9679
49   377  7   7     -1  0      3   -4     8  16    9680
56   377  7   7     -1  0      3   -4     8  16    9681
63   377  7   7     -1  0      3   -4     8  16    9682
70   377  7   7     -1  0      3   -4     8  16    9683
77   377  7   7     -1  0      3   -4     8  16    9684
84   377  7   7     -1  0      3   -4     8  16    9685
60   384  4   7     -2  0      2   -4     8  16    9686
64   384  4   7     -2  0      2   -4     8  16    9687
309  331  9   8     0   0      4   -4     8  16    9688
318  331  9   8     0   0      4   -4     8  16    9689
334  396  4   3     -2  -3     2   -7     8  16    9702
327  331  9   8     0   0      4   -4     8  16    9786
336  331  9   8     0   0      4   -4     8  16    9787
342  286  9   9     0   2      4   -2     8  16    9788
0    348  5   8     -2  0      2   -4     8  16    9792
123  384  7   6     -1  -1     3   -5     8  16    9794
120  340  8   8     0   0      4   -4     8  16    9824
128  340  8   8     0   0      4   -4     8  16    9827
136  340  8   8     0   0      4   -4     8  16    9829
144  340  8   8     0   0      4   -4     8  16    9830
26   348  4   8     -1  0      3   -4     8  16    9833
365  340  6   8     -1  0      3   -4     8  16    9834
152  340  8   8     0   0      4   -4     8  16    9835
320  313  8   9     0   1      4   -3     8  16    9836
327  165  7   11    -1  1      3   -3     8  16    9839
328  313  8   9     0   0      4   -4     8  16    11360
107  267  4   10    -2  0      2   -4     8  16    11361
336  313  8   9     0   0      4   -4     8  16    11362
344  313  8   9     0   0      4   -4     8  16    11363
344  107  8   12    -1  3      3   -1     8  16    11364
336  44   8   13    0   3      4   -1     8  16    11365
344  44   8   13    0   3      4   -1     8  16    11366
352  107  8   12    -1  3      3   -1     8  16    11367
301  57   7   13    -1  3      3   -1     8  16    11368
207  83   9   12    0   3      4   -1     8  16    11369
308  57   7   13    -1  3      3   -1     8  16    11370
360  107  8   12    0   3      4   -1     8  16    11371
7    267  7   10    -1  3      3   -1     8  16    11372
352  313  8   9     0   0      4   -4     8  16    11373
72   356  9   7     0   0      4   -4     8  16    11377
351  286  9   9     0   0      4   -4     8  16    11378
345  331  9   8     0   0      4   -4     8  16    11379
16   370  8   7     0   0      4   -4     8  16    11380
21   331  7   9     -1  0      3   -4     8  16    11381
325  377  6   7     -1  0      3   -4     8  16    11382
81   356  9   7     0   0      4   -4     8  16    11383
209  391  5   5     -2  -1     2   -5     8  16    11799
103  396  4   4     2   -6     2   -10    0  16    42775
338  396  4   3     1   -7     1   -11    0  16    42776
342  396  4   3     2   -7     2   -11    0  16    42777
346  396  4   3     2   -7     2   -11    0  16    42778
154  384  6   6     -1  -7     3   -11    8  16    42779
160  384  6   6     -1  -7     3   -11    8  16    42780
392  257  2   8     -3  -6     1   -10    8  16    42781
392  286  2   8     -3  -6     1   -10    8  16    42782
74   384  2   7     -3  -3     1   -7     8  16    42783
138  400  6   2     3   -8     3   -12    0  16    42784
144  400  6   2     3   0      3   -4     0  16    42785
238  400  5   2     0   3      4   -1     8  16    42888
198  384  2   6     -3  -1     1   -5     8  16    42889
0    396  6   4     -1  -2     3   -6     8  16    42890
200  384  2   6     -3  -4     1   -8     8  16    42891
124  396  2   4     -3  -6     1   -10    8  16    42892
312  237  8   10    0   0      4   -4     8  16    64257
320  237  8   10    0   0      4   -4     8  16    64258
202  384  2   6     -3  -2     1   -6     8  16    64285
150  400  6   2     -1  -10    -1  -14    0  16    64286
166  384  6   6     -1  -2     3   -6     8  16    64287
160  340  8   8     0   0      4   -4     8  16    64288
354  331  9   8     0   0      4   -4     8  16    64289
168  340  8   8     0   0      4   -4     8  16    64290
176  340  8   8     0   0      4   -4     8  16    64291
307  340  7   8     -1  0      3   -4     8  16    64292
8    165  8   11    0   0      4   -4     8  16    64293
184  340  8   8     0   0      4   -4     8  16    64294
314  340  7   8     0   0      4   -4     8  16    64295
192  340  8   8     0   0      4   -4     8  16    64296
315  391  8   4     0   -4     4   -8     8  16    64297
216  143  9   11    0   0      4   -4     8  16    64298
225  143  9   11    0   0      4   -4     8  16    64299
234  143  9   11    0   0      4   -4     8  16    64300
243  143  9   11    0   0      4   -4     8  16    64301
324  197  9   10    0   2      4   -2     8  16    64302
252  143  9   11    0   3      4   -1     8  16    64303
363  331  9   8     0   0      4   -4     8  16    64304
200  340  8   8     0   0      4   -4     8  16    64305
371  340  6   8     -1  0      3   -4     8  16    64306
208  340  8   8     0   0      4   -4     8  16    64307
216  340  8   8     0   0      4   -4     8  16    64308
30   348  4   8     -2  0      2   -4     8  16    64309
377  340  6   8     -1  0      3   -4     8  16    64310
224  340  8   8     0   0      4   -4     8  16    64312
107  396  4   4     -2  -4     2   -8     8  16    64313
334  165  7   11    0   3      4   -1     8  16    64314
321  340  7   8     -1  0      3   -4     8  16    64315
16   165  8   11    0   0      4   -4     8  16    64316
232  340  8   8     0   0      4   -4     8  16    64318
5    348  5   8     -2  0      2   -4     8  16    64320
240  340  8   8     0   0      4   -4     8  16    64321
24   165  8   11    0   3      4   -1     8  16    64323
248  340  8   8     0   0      4   -4     8  16    64324
256  340  8   8     0   0      4   -4     8  16    64326
32   165  8   11    0   3      4   -1     8  16    64327
328  340  7   8     0   0      4   -4     8  16    64328
372  331  9   8     0   0      4   -4     8  16    64329
264  340  8   8     0   0      4   -4     8  16    64330
392  83   2   12    -3  0      1   -4     8  16    64331
328  237  8   10    0   0      4   -4     8  16    64332
14   267  7   10    -1  0      3   -4     8  16    64333
336  237  8   10    0   0      4   -4     8  16    64334
261  143  9   11    0   0      4   -4     8  16    64335
383  14   7   3     6   -9     6   -13    0  16    65056
376  14   7   3     1   -9     1   -13    0  16    65057
156  400  6   2     6   -9     6   -13    0  16    65058
162  400  6   2     0   -9     0   -13    0  16    65059
